<?xml version="1.0" encoding="UTF-8"?>
<metadata xml:lang="en"><Esri><CreaDate>20240425</CreaDate><CreaTime>16482500</CreaTime><ArcGISFormat>1.0</ArcGISFormat><SyncOnce>TRUE</SyncOnce><DataProperties><lineage><Process ToolSource="C:\Users\qishu\Downloads\ArcNLET-Py-main\ArcNLET\ArcNLET.pyt\InterfaceLoadEstimation" Date="20240425" Time="164825">InterfaceLoadEstimation true 1 E:\lakeshore_example\2_lakeshore_example_complex\4_Transport_module\Inputs\no3plumes_info.shp E:\lakeshore_example\2_lakeshore_example_complex\4_Transport_module\Inputs\nh4plumes_info.shp E:\lakeshore_example\2_lakeshore_example_complex\4_Transport_module\Inputs\no3plumes_info.csv E:\lakeshore_example\2_lakeshore_example_complex\4_Transport_module\Inputs\nh4plumes_info.csv</Process></lineage></DataProperties></Esri></metadata>
