<?xml version="1.0" encoding="UTF-8"?>
<metadata xml:lang="en"><Esri><CreaDate>20240112</CreaDate><CreaTime>08345300</CreaTime><ArcGISFormat>1.0</ArcGISFormat><SyncOnce>TRUE</SyncOnce><DataProperties><lineage><Process ToolSource="c:\program files\arcgis\pro\Resources\ArcToolbox\toolboxes\Data Management Tools.tbx\CreateFeatureclass" Date="20240112" Time="083453">CreateFeatureclass "C:\Users\Wei\Downloads\lakeshore_example (1)\lakeshore_example" Path Polyline # No No "PROJCS["NAD_1983_UTM_Zone_17N",GEOGCS["GCS_North_American_1983",DATUM["D_North_American_1983",SPHEROID["GRS_1980",6378137.0,298.257222101]],PRIMEM["Greenwich",0.0],UNIT["Degree",0.0174532925199433]],PROJECTION["Transverse_Mercator"],PARAMETER["False_Easting",500000.0],PARAMETER["False_Northing",0.0],PARAMETER["Central_Meridian",-81.0],PARAMETER["Scale_Factor",0.9996],PARAMETER["Latitude_Of_Origin",0.0],UNIT["Meter",1.0]];-5120900 -9998100 450445547.391054;-100000 10000;-100000 10000;0.001;0.001;0.001;IsHighPrecision" # 0 0 0 # "Same as template"</Process><Process ToolSource="c:\program files\arcgis\pro\Resources\ArcToolbox\toolboxes\Data Management Tools.tbx\AddField" Date="20240112" Time="083453">AddField "C:\Users\Wei\Downloads\lakeshore_example (1)\lakeshore_example\Path" PathID "Long (32-bit integer)" # # # # NULLABLE NON_REQUIRED #</Process><Process ToolSource="c:\program files\arcgis\pro\Resources\ArcToolbox\toolboxes\Data Management Tools.tbx\AddField" Date="20240112" Time="083453">AddField "C:\Users\Wei\Downloads\lakeshore_example (1)\lakeshore_example\Path" SegID "Long (32-bit integer)" # # # # NULLABLE NON_REQUIRED #</Process><Process ToolSource="c:\program files\arcgis\pro\Resources\ArcToolbox\toolboxes\Data Management Tools.tbx\AddField" Date="20240112" Time="083453">AddField "C:\Users\Wei\Downloads\lakeshore_example (1)\lakeshore_example\Path" TotDist "Double (64-bit floating point)" # # # # NULLABLE NON_REQUIRED #</Process><Process ToolSource="c:\program files\arcgis\pro\Resources\ArcToolbox\toolboxes\Data Management Tools.tbx\AddField" Date="20240112" Time="083453">AddField "C:\Users\Wei\Downloads\lakeshore_example (1)\lakeshore_example\Path" TotTime "Double (64-bit floating point)" # # # # NULLABLE NON_REQUIRED #</Process><Process ToolSource="c:\program files\arcgis\pro\Resources\ArcToolbox\toolboxes\Data Management Tools.tbx\AddField" Date="20240112" Time="083453">AddField "C:\Users\Wei\Downloads\lakeshore_example (1)\lakeshore_example\Path" SegPrsity "Double (64-bit floating point)" # # # # NULLABLE NON_REQUIRED #</Process><Process ToolSource="c:\program files\arcgis\pro\Resources\ArcToolbox\toolboxes\Data Management Tools.tbx\AddField" Date="20240112" Time="083453">AddField "C:\Users\Wei\Downloads\lakeshore_example (1)\lakeshore_example\Path" SegVel "Double (64-bit floating point)" # # # # NULLABLE NON_REQUIRED #</Process><Process ToolSource="c:\program files\arcgis\pro\Resources\ArcToolbox\toolboxes\Data Management Tools.tbx\AddField" Date="20240112" Time="083453">AddField "C:\Users\Wei\Downloads\lakeshore_example (1)\lakeshore_example\Path" DirAngle "Double (64-bit floating point)" # # # # NULLABLE NON_REQUIRED #</Process><Process ToolSource="c:\program files\arcgis\pro\Resources\ArcToolbox\toolboxes\Data Management Tools.tbx\AddField" Date="20240112" Time="083453">AddField "C:\Users\Wei\Downloads\lakeshore_example (1)\lakeshore_example\Path" WBId "Long (32-bit integer)" # # # # NULLABLE NON_REQUIRED #</Process><Process ToolSource="c:\program files\arcgis\pro\Resources\ArcToolbox\toolboxes\Data Management Tools.tbx\AddField" Date="20240112" Time="083453">AddField "C:\Users\Wei\Downloads\lakeshore_example (1)\lakeshore_example\Path" PathWBId "Long (32-bit integer)" # # # # NULLABLE NON_REQUIRED #</Process><Process ToolSource="C:\Users\Wei\OneDrive - Florida State University\Work\02-ArcNLET-Py\ArcNLET\ArcNLET-Py\ArcNLET\ArcNLET.pyt\InterfaceParticleTracking" Date="20240112" Time="083454">InterfaceParticleTracking "C:\Users\Wei\Downloads\lakeshore_example (1)\lakeshore_example\PotentialSepticTankLocations.shp" "C:\Users\Wei\Downloads\lakeshore_example (1)\lakeshore_example\waterbodies.shp" "C:\Users\Wei\Downloads\lakeshore_example (1)\lakeshore_example\velo_mag50" "C:\Users\Wei\Downloads\lakeshore_example (1)\lakeshore_example\velo_dir50" "C:\Users\Wei\Downloads\lakeshore_example (1)\lakeshore_example\porosity.img" false 5 10 1000 "C:\Users\Wei\Downloads\lakeshore_example (1)\lakeshore_example\Path"</Process></lineage><itemProps><itemLocation><linkage Sync="TRUE">file://\\EOAS2022-GRADX\C$\Users\Wei\Downloads\lakeshore_example (1)\lakeshore_example\Outputs\Paths</linkage><protocol Sync="TRUE">Local Area Network</protocol></itemLocation></itemProps><copyHistory><copy source="C:\Users\Wei\Downloads\lakeshore_example (1)\lakeshore_example\Paths" dest="\\EOAS2022-GRADX\C$\Users\Wei\Downloads\lakeshore_example (1)\lakeshore_example\Outputs\Paths" date="20240112" time="09052200"></copy></copyHistory></DataProperties></Esri></metadata>
