<?xml version="1.0" encoding="UTF-8"?>
<metadata xml:lang="en"><Esri><CreaDate>20240425</CreaDate><CreaTime>11181900</CreaTime><ArcGISFormat>1.0</ArcGISFormat><SyncOnce>TRUE</SyncOnce><DataProperties><itemProps><itemLocation><linkage Sync="TRUE">file://\\LAPTOP-M16-M\E$\lakeshore_example\1_lakeshore_example_simple\5_Load_estimation_module\Outputs\no3plumes_info.csv</linkage><protocol Sync="TRUE">Local Area Network</protocol></itemLocation></itemProps><copyHistory><copy source="E:\lakeshore_example\1_lakeshore_example_simple\5_Load_estimation_module\Inputs\no3plumes_info.csv" dest="\\LAPTOP-M16-M\E$\lakeshore_example\1_lakeshore_example_simple\5_Load_estimation_module\Outputs\no3plumes_info.csv" date="20240425" time="11181900"></copy></copyHistory></DataProperties></Esri></metadata>
