<?xml version="1.0" encoding="UTF-8"?>
<metadata xml:lang="en"><Esri><CreaDate>20241017</CreaDate><CreaTime>17121400</CreaTime><ArcGISFormat>1.0</ArcGISFormat><SyncOnce>TRUE</SyncOnce><DataProperties><itemProps><itemLocation><linkage Sync="TRUE">file://\\EOAS2022-GRADX\C$\Users\Wei\Downloads\lakeshore_example11\2_lakeshore_example_phosphorus\4_Transport_module\Outputs\nh4plumes_info</linkage><protocol Sync="TRUE">Local Area Network</protocol></itemLocation></itemProps><copyHistory><copy source="C:\Users\Wei\Downloads\lakeshore_example11\2_lakeshore_example_phosphorus\3_VZMOD_module\Inputs\nh4plumes_info" dest="\\EOAS2022-GRADX\C$\Users\Wei\Downloads\lakeshore_example11\2_lakeshore_example_phosphorus\4_Transport_module\Outputs\nh4plumes_info" date="20241017" time="17121400"></copy></copyHistory></DataProperties></Esri></metadata>
