<?xml version="1.0" encoding="UTF-8"?>
<metadata xml:lang="en"><Esri><CreaDate>20240828</CreaDate><CreaTime>09165300</CreaTime><ArcGISFormat>1.0</ArcGISFormat><SyncOnce>TRUE</SyncOnce><DataProperties><itemProps><itemLocation><linkage Sync="TRUE">file://\\EOAS2022-GRADX\C$\Users\Wei\Downloads\lakeshore_example\2_lakeshore_example_phosphorus\4_Transport_module\Outputs\po4plumes</linkage><protocol Sync="TRUE">Local Area Network</protocol></itemLocation></itemProps><copyHistory><copy source="C:\Users\Wei\Downloads\lakeshore_example\2_lakeshore_example_phosphorus\4_Transport_module\Inputs\po4plumes" dest="\\EOAS2022-GRADX\C$\Users\Wei\Downloads\lakeshore_example\2_lakeshore_example_phosphorus\4_Transport_module\Outputs\po4plumes" date="20240828" time="09165300"></copy></copyHistory></DataProperties></Esri></metadata>
