<?xml version="1.0" encoding="UTF-8"?>
<metadata xml:lang="en"><Esri><CreaDate>20241217</CreaDate><CreaTime>22164500</CreaTime><ArcGISFormat>1.0</ArcGISFormat><SyncOnce>TRUE</SyncOnce><DataProperties><lineage><Process ToolSource="C:\ArcNLET\ArcNLET-Py-main\ArcNLET-Py-main\ArcNLET\ArcNLET.pyt\InterfaceGroundwaterFlow" Date="20241217" Time="221528">InterfaceGroundwaterFlow C:\ArcNLET\JonesGrosecloseDataGitHub_20241217\1GroundwaterFlow\Inputs\NOAA_3m_dem.tif C:\ArcNLET\JonesGrosecloseDataGitHub_20241217\1GroundwaterFlow\Inputs\waterbodies.shp C:\ArcNLET\JonesGrosecloseDataGitHub_20241217\1GroundwaterFlow\Inputs\hydr_cond C:\ArcNLET\JonesGrosecloseDataGitHub_20241217\1GroundwaterFlow\Inputs\porosity 10 31 false true 10;10;5;2 true 27;21;15;7 1 50 C:\ArcNLET\JonesGrosecloseDataGitHub_20241217\1GroundwaterFlow\Outputs\vel_mag C:\ArcNLET\JonesGrosecloseDataGitHub_20241217\1GroundwaterFlow\Outputs\vel_dir C:\ArcNLET\JonesGrosecloseDataGitHub_20241217\1GroundwaterFlow\Outputs\smoothedDEM C:\ArcNLET\JonesGrosecloseDataGitHub_20241217\1GroundwaterFlow\Outputs\hydr_grad</Process><Process ToolSource="c:\program files\arcgis\pro\Resources\ArcToolbox\toolboxes\Data Management Tools.tbx\CopyMultiple" Date="20241217" Time="221645">CopyMultiple "C:\ArcNLET\JonesGrosecloseDataGitHub_20241217\1GroundwaterFlow\Outputs\vel_dir raster_file_general;C:\ArcNLET\JonesGrosecloseDataGitHub_20241217\1GroundwaterFlow\Outputs\vel_mag raster_file_general;C:\ArcNLET\JonesGrosecloseDataGitHub_20241217\1GroundwaterFlow\Inputs\porosity raster_file_general" C:\ArcNLET\JonesGrosecloseDataGitHub_20241217\2ParticleTracking\Inputs vel_dir;vel_mag;porosity "vel_dir RasterDataset vel_dir #;vel_mag RasterDataset vel_mag #;porosity RasterDataset porosity #"</Process></lineage><itemProps><itemLocation><linkage Sync="TRUE">file://\\FREAC-T5820-4\C$\ArcNLET\JonesGrosecloseDataGitHub_20241217\2ParticleTracking\Inputs\vel_mag</linkage><protocol Sync="TRUE">Local Area Network</protocol></itemLocation></itemProps><copyHistory><copy source="C:\ArcNLET\JonesGrosecloseDataGitHub_20241217\1GroundwaterFlow\Outputs\vel_mag" dest="\\FREAC-T5820-4\C$\ArcNLET\JonesGrosecloseDataGitHub_20241217\2ParticleTracking\Inputs\vel_mag" date="20241217" time="22164500"></copy></copyHistory></DataProperties></Esri></metadata>
