<?xml version="1.0" encoding="UTF-8"?>
<metadata xml:lang="en"><Esri><CreaDate>20240822</CreaDate><CreaTime>11552500</CreaTime><ArcGISFormat>1.0</ArcGISFormat><SyncOnce>TRUE</SyncOnce><DataProperties><lineage><Process ToolSource="c:\program files\arcgis\pro\Resources\ArcToolbox\toolboxes\Data Management Tools.tbx\CreateFeatureclass" Date="20240822" Time="115220">CreateFeatureclass C:\Users\Wei\Downloads\lakeshore_example\2_lakeshore_example_phosphorus\0_Preprocessing_module\Inputs int_spa_tmp.shp Polygon # No No "GEOGCS["GCS_WGS_1984",DATUM["D_WGS_1984",SPHEROID["WGS_1984",6378137.0,298.257223563]],PRIMEM["Greenwich",0.0],UNIT["Degree",0.0174532925199433]];-400 -400 1000000000;-100000 10000;-100000 10000;8.98315284119521E-09;0.001;0.001;IsHighPrecision" # 0 0 0 # "Same as template"</Process><Process ToolSource="c:\program files\arcgis\pro\Resources\ArcToolbox\toolboxes\Data Management Tools.tbx\AddField" Date="20240822" Time="115220">AddField C:\Users\Wei\Downloads\lakeshore_example\2_lakeshore_example_phosphorus\0_Preprocessing_module\Inputs\int_spa_tmp.shp areasymbol Text # # # # NULLABLE NON_REQUIRED #</Process><Process ToolSource="c:\program files\arcgis\pro\Resources\ArcToolbox\toolboxes\Data Management Tools.tbx\AddField" Date="20240822" Time="115220">AddField C:\Users\Wei\Downloads\lakeshore_example\2_lakeshore_example_phosphorus\0_Preprocessing_module\Inputs\int_spa_tmp.shp areaname Text # # # # NULLABLE NON_REQUIRED #</Process><Process ToolSource="c:\program files\arcgis\pro\Resources\ArcToolbox\toolboxes\Data Management Tools.tbx\AddField" Date="20240822" Time="115221">AddField C:\Users\Wei\Downloads\lakeshore_example\2_lakeshore_example_phosphorus\0_Preprocessing_module\Inputs\int_spa_tmp.shp muname Text # # # # NULLABLE NON_REQUIRED #</Process><Process ToolSource="c:\program files\arcgis\pro\Resources\ArcToolbox\toolboxes\Data Management Tools.tbx\AddField" Date="20240822" Time="115221">AddField C:\Users\Wei\Downloads\lakeshore_example\2_lakeshore_example_phosphorus\0_Preprocessing_module\Inputs\int_spa_tmp.shp musym Text # # # # NULLABLE NON_REQUIRED #</Process><Process ToolSource="c:\program files\arcgis\pro\Resources\ArcToolbox\toolboxes\Data Management Tools.tbx\AddField" Date="20240822" Time="115221">AddField C:\Users\Wei\Downloads\lakeshore_example\2_lakeshore_example_phosphorus\0_Preprocessing_module\Inputs\int_spa_tmp.shp mukey Text # # # # NULLABLE NON_REQUIRED #</Process><Process ToolSource="c:\program files\arcgis\pro\Resources\ArcToolbox\toolboxes\Data Management Tools.tbx\AddField" Date="20240822" Time="115221">AddField C:\Users\Wei\Downloads\lakeshore_example\2_lakeshore_example_phosphorus\0_Preprocessing_module\Inputs\int_spa_tmp.shp nat_musym Text # # # # NULLABLE NON_REQUIRED #</Process><Process ToolSource="c:\program files\arcgis\pro\Resources\ArcToolbox\toolboxes\Data Management Tools.tbx\AddField" Date="20240822" Time="115221">AddField C:\Users\Wei\Downloads\lakeshore_example\2_lakeshore_example_phosphorus\0_Preprocessing_module\Inputs\int_spa_tmp.shp ksat_l "Double (64-bit floating point)" # # # # NULLABLE NON_REQUIRED #</Process><Process ToolSource="c:\program files\arcgis\pro\Resources\ArcToolbox\toolboxes\Data Management Tools.tbx\AddField" Date="20240822" Time="115221">AddField C:\Users\Wei\Downloads\lakeshore_example\2_lakeshore_example_phosphorus\0_Preprocessing_module\Inputs\int_spa_tmp.shp ksat_r "Double (64-bit floating point)" # # # # NULLABLE NON_REQUIRED #</Process><Process ToolSource="c:\program files\arcgis\pro\Resources\ArcToolbox\toolboxes\Data Management Tools.tbx\AddField" Date="20240822" Time="115221">AddField C:\Users\Wei\Downloads\lakeshore_example\2_lakeshore_example_phosphorus\0_Preprocessing_module\Inputs\int_spa_tmp.shp ksat_h "Double (64-bit floating point)" # # # # NULLABLE NON_REQUIRED #</Process><Process ToolSource="c:\program files\arcgis\pro\Resources\ArcToolbox\toolboxes\Data Management Tools.tbx\AddField" Date="20240822" Time="115221">AddField C:\Users\Wei\Downloads\lakeshore_example\2_lakeshore_example_phosphorus\0_Preprocessing_module\Inputs\int_spa_tmp.shp wsat_l "Double (64-bit floating point)" # # # # NULLABLE NON_REQUIRED #</Process><Process ToolSource="c:\program files\arcgis\pro\Resources\ArcToolbox\toolboxes\Data Management Tools.tbx\AddField" Date="20240822" Time="115221">AddField C:\Users\Wei\Downloads\lakeshore_example\2_lakeshore_example_phosphorus\0_Preprocessing_module\Inputs\int_spa_tmp.shp wsat_r "Double (64-bit floating point)" # # # # NULLABLE NON_REQUIRED #</Process><Process ToolSource="c:\program files\arcgis\pro\Resources\ArcToolbox\toolboxes\Data Management Tools.tbx\AddField" Date="20240822" Time="115221">AddField C:\Users\Wei\Downloads\lakeshore_example\2_lakeshore_example_phosphorus\0_Preprocessing_module\Inputs\int_spa_tmp.shp wsat_h "Double (64-bit floating point)" # # # # NULLABLE NON_REQUIRED #</Process><Process ToolSource="c:\program files\arcgis\pro\Resources\ArcToolbox\toolboxes\Data Management Tools.tbx\AddField" Date="20240822" Time="115221">AddField C:\Users\Wei\Downloads\lakeshore_example\2_lakeshore_example_phosphorus\0_Preprocessing_module\Inputs\int_spa_tmp.shp dbo_l "Double (64-bit floating point)" # # # # NULLABLE NON_REQUIRED #</Process><Process ToolSource="c:\program files\arcgis\pro\Resources\ArcToolbox\toolboxes\Data Management Tools.tbx\AddField" Date="20240822" Time="115221">AddField C:\Users\Wei\Downloads\lakeshore_example\2_lakeshore_example_phosphorus\0_Preprocessing_module\Inputs\int_spa_tmp.shp dbo_r "Double (64-bit floating point)" # # # # NULLABLE NON_REQUIRED #</Process><Process ToolSource="c:\program files\arcgis\pro\Resources\ArcToolbox\toolboxes\Data Management Tools.tbx\AddField" Date="20240822" Time="115221">AddField C:\Users\Wei\Downloads\lakeshore_example\2_lakeshore_example_phosphorus\0_Preprocessing_module\Inputs\int_spa_tmp.shp dbo_h "Double (64-bit floating point)" # # # # NULLABLE NON_REQUIRED #</Process><Process ToolSource="c:\program files\arcgis\pro\Resources\ArcToolbox\toolboxes\Data Management Tools.tbx\AddField" Date="20240822" Time="115221">AddField C:\Users\Wei\Downloads\lakeshore_example\2_lakeshore_example_phosphorus\0_Preprocessing_module\Inputs\int_spa_tmp.shp part_d "Double (64-bit floating point)" # # # # NULLABLE NON_REQUIRED #</Process><Process ToolSource="c:\program files\arcgis\pro\Resources\ArcToolbox\toolboxes\Data Management Tools.tbx\AddField" Date="20240822" Time="115221">AddField C:\Users\Wei\Downloads\lakeshore_example\2_lakeshore_example_phosphorus\0_Preprocessing_module\Inputs\int_spa_tmp.shp clay_r "Double (64-bit floating point)" # # # # NULLABLE NON_REQUIRED #</Process><Process ToolSource="c:\program files\arcgis\pro\Resources\ArcToolbox\toolboxes\Data Management Tools.tbx\AddField" Date="20240822" Time="115221">AddField C:\Users\Wei\Downloads\lakeshore_example\2_lakeshore_example_phosphorus\0_Preprocessing_module\Inputs\int_spa_tmp.shp silt_r "Double (64-bit floating point)" # # # # NULLABLE NON_REQUIRED #</Process><Process ToolSource="c:\program files\arcgis\pro\Resources\ArcToolbox\toolboxes\Data Management Tools.tbx\AddField" Date="20240822" Time="115222">AddField C:\Users\Wei\Downloads\lakeshore_example\2_lakeshore_example_phosphorus\0_Preprocessing_module\Inputs\int_spa_tmp.shp sand_r "Double (64-bit floating point)" # # # # NULLABLE NON_REQUIRED #</Process><Process ToolSource="c:\program files\arcgis\pro\Resources\ArcToolbox\toolboxes\Data Management Tools.tbx\AddField" Date="20240822" Time="115222">AddField C:\Users\Wei\Downloads\lakeshore_example\2_lakeshore_example_phosphorus\0_Preprocessing_module\Inputs\int_spa_tmp.shp poro "Double (64-bit floating point)" # # # # NULLABLE NON_REQUIRED #</Process><Process ToolSource="c:\program files\arcgis\pro\Resources\ArcToolbox\toolboxes\Data Management Tools.tbx\AddField" Date="20240822" Time="115222">AddField C:\Users\Wei\Downloads\lakeshore_example\2_lakeshore_example_phosphorus\0_Preprocessing_module\Inputs\int_spa_tmp.shp texture Text # # # # NULLABLE NON_REQUIRED #</Process><Process ToolSource="c:\program files\arcgis\pro\Resources\ArcToolbox\toolboxes\Data Management Tools.tbx\AddField" Date="20240822" Time="115222">AddField C:\Users\Wei\Downloads\lakeshore_example\2_lakeshore_example_phosphorus\0_Preprocessing_module\Inputs\int_spa_tmp.shp soiltype "Double (64-bit floating point)" # # # # NULLABLE NON_REQUIRED #</Process><Process ToolSource="c:\program files\arcgis\pro\Resources\ArcToolbox\toolboxes\Data Management Tools.tbx\Project" Date="20240822" Time="115222">Project C:\Users\Wei\Downloads\lakeshore_example\2_lakeshore_example_phosphorus\0_Preprocessing_module\Inputs\int_spa_tmp.shp C:\Users\Wei\Downloads\lakeshore_example\2_lakeshore_example_phosphorus\0_Preprocessing_module\Inputs\spatial PROJCS["NAD_1983_UTM_Zone_17N",GEOGCS["GCS_North_American_1983",DATUM["D_North_American_1983",SPHEROID["GRS_1980",6378137.0,298.257222101]],PRIMEM["Greenwich",0.0],UNIT["Degree",0.0174532925199433]],PROJECTION["Transverse_Mercator"],PARAMETER["False_Easting",500000.0],PARAMETER["False_Northing",0.0],PARAMETER["Central_Meridian",-81.0],PARAMETER["Scale_Factor",0.9996],PARAMETER["Latitude_Of_Origin",0.0],UNIT["Meter",1.0]] WGS_1984_(ITRF00)_To_NAD_1983 GEOGCS["GCS_WGS_1984",DATUM["D_WGS_1984",SPHEROID["WGS_1984",6378137.0,298.257223563]],PRIMEM["Greenwich",0.0],UNIT["Degree",0.0174532925199433]] NO_PRESERVE_SHAPE # NO_VERTICAL</Process><Process ToolSource="C:\Users\Wei\OneDrive - Florida State University\Work\02-ArcNLET-Py\arcnlet-modify\ArcNLET.pyt\InterfacePreprocessing" Date="20240822" Time="115228">InterfacePreprocessing study_area PROJCS["NAD_1983_UTM_Zone_17N",GEOGCS["GCS_North_American_1983",DATUM["D_North_American_1983",SPHEROID["GRS_1980",6378137.0,298.257222101]],PRIMEM["Greenwich",0.0],UNIT["Degree",0.0174532925199433]],PROJECTION["Transverse_Mercator"],PARAMETER["False_Easting",500000.0],PARAMETER["False_Northing",0.0],PARAMETER["Central_Meridian",-81.0],PARAMETER["Scale_Factor",0.9996],PARAMETER["Latitude_Of_Origin",0.0],UNIT["Meter",1.0]] 0 200 "Harmonic mean for Ks" 10 C:\Users\Wei\Downloads\lakeshore_example\2_lakeshore_example_phosphorus\0_Preprocessing_module\Inputs\hydr_cond C:\Users\Wei\Downloads\lakeshore_example\2_lakeshore_example_phosphorus\0_Preprocessing_module\Inputs\porosity C:\Users\Wei\Downloads\lakeshore_example\2_lakeshore_example_phosphorus\0_Preprocessing_module\Inputs\soiltype C:\Users\Wei\Downloads\lakeshore_example\2_lakeshore_example_phosphorus\0_Preprocessing_module\Inputs\spatial.shp</Process></lineage><itemProps><itemLocation><linkage Sync="TRUE">file://\\EOAS2022-GRADX\C$\Users\Wei\Downloads\lakeshore_example\2_lakeshore_example_phosphorus\0_Preprocessing_module\Outputs\spatial</linkage><protocol Sync="TRUE">Local Area Network</protocol></itemLocation></itemProps><copyHistory><copy source="C:\Users\Wei\Downloads\lakeshore_example\2_lakeshore_example_phosphorus\0_Preprocessing_module\Inputs\spatial" dest="\\EOAS2022-GRADX\C$\Users\Wei\Downloads\lakeshore_example\2_lakeshore_example_phosphorus\0_Preprocessing_module\Outputs\spatial" date="20240822" time="11552500"></copy></copyHistory></DataProperties></Esri></metadata>
