<?xml version="1.0" encoding="UTF-8"?>
<metadata xml:lang="en"><Esri><CreaDate>20250225</CreaDate><CreaTime>16454000</CreaTime><ArcGISFormat>1.0</ArcGISFormat><SyncOnce>TRUE</SyncOnce><DataProperties><lineage><Process ToolSource="c:\program files\arcgis\pro\Resources\ArcToolbox\toolboxes\Data Management Tools.tbx\CreateFeatureclass" Date="20250225" Time="164426">CreateFeatureclass "C:\Users\Wei\Downloads\lakeshore_example\1_lakeshore_example_original ArcNLET_NO3\2_Particle_tracking_module\Inputs" paths50 POLYLINE # DISABLED DISABLED "PROJCS["NAD_1983_UTM_Zone_17N",GEOGCS["GCS_North_American_1983",DATUM["D_North_American_1983",SPHEROID["GRS_1980",6378137.0,298.257222101]],PRIMEM["Greenwich",0.0],UNIT["Degree",0.0174532925199433]],PROJECTION["Transverse_Mercator"],PARAMETER["False_Easting",500000.0],PARAMETER["False_Northing",0.0],PARAMETER["Central_Meridian",-81.0],PARAMETER["Scale_Factor",0.9996],PARAMETER["Latitude_Of_Origin",0.0],UNIT["Meter",1.0]];-5120900 -9998100 450445547.391054;-100000 10000;-100000 10000;0.001;0.001;0.001;IsHighPrecision" # 0 0 0 # SAME_AS_TEMPLATE</Process><Process ToolSource="c:\program files\arcgis\pro\Resources\ArcToolbox\toolboxes\Data Management Tools.tbx\AddField" Date="20250225" Time="164426">AddField "C:\Users\Wei\Downloads\lakeshore_example\1_lakeshore_example_original ArcNLET_NO3\2_Particle_tracking_module\Inputs\paths50.shp" OSTDS_ID LONG # # # # NULLABLE NON_REQUIRED #</Process><Process ToolSource="c:\program files\arcgis\pro\Resources\ArcToolbox\toolboxes\Data Management Tools.tbx\AddField" Date="20250225" Time="164426">AddField "C:\Users\Wei\Downloads\lakeshore_example\1_lakeshore_example_original ArcNLET_NO3\2_Particle_tracking_module\Inputs\paths50.shp" SegID LONG # # # # NULLABLE NON_REQUIRED #</Process><Process ToolSource="c:\program files\arcgis\pro\Resources\ArcToolbox\toolboxes\Data Management Tools.tbx\AddField" Date="20250225" Time="164426">AddField "C:\Users\Wei\Downloads\lakeshore_example\1_lakeshore_example_original ArcNLET_NO3\2_Particle_tracking_module\Inputs\paths50.shp" TotDist DOUBLE # # # # NULLABLE NON_REQUIRED #</Process><Process ToolSource="c:\program files\arcgis\pro\Resources\ArcToolbox\toolboxes\Data Management Tools.tbx\AddField" Date="20250225" Time="164426">AddField "C:\Users\Wei\Downloads\lakeshore_example\1_lakeshore_example_original ArcNLET_NO3\2_Particle_tracking_module\Inputs\paths50.shp" TotTime DOUBLE # # # # NULLABLE NON_REQUIRED #</Process><Process ToolSource="c:\program files\arcgis\pro\Resources\ArcToolbox\toolboxes\Data Management Tools.tbx\AddField" Date="20250225" Time="164426">AddField "C:\Users\Wei\Downloads\lakeshore_example\1_lakeshore_example_original ArcNLET_NO3\2_Particle_tracking_module\Inputs\paths50.shp" SegPrsity DOUBLE # # # # NULLABLE NON_REQUIRED #</Process><Process ToolSource="c:\program files\arcgis\pro\Resources\ArcToolbox\toolboxes\Data Management Tools.tbx\AddField" Date="20250225" Time="164427">AddField "C:\Users\Wei\Downloads\lakeshore_example\1_lakeshore_example_original ArcNLET_NO3\2_Particle_tracking_module\Inputs\paths50.shp" SegVel DOUBLE # # # # NULLABLE NON_REQUIRED #</Process><Process ToolSource="c:\program files\arcgis\pro\Resources\ArcToolbox\toolboxes\Data Management Tools.tbx\AddField" Date="20250225" Time="164427">AddField "C:\Users\Wei\Downloads\lakeshore_example\1_lakeshore_example_original ArcNLET_NO3\2_Particle_tracking_module\Inputs\paths50.shp" DirAngle DOUBLE # # # # NULLABLE NON_REQUIRED #</Process><Process ToolSource="c:\program files\arcgis\pro\Resources\ArcToolbox\toolboxes\Data Management Tools.tbx\AddField" Date="20250225" Time="164427">AddField "C:\Users\Wei\Downloads\lakeshore_example\1_lakeshore_example_original ArcNLET_NO3\2_Particle_tracking_module\Inputs\paths50.shp" WBId LONG # # # # NULLABLE NON_REQUIRED #</Process><Process ToolSource="c:\program files\arcgis\pro\Resources\ArcToolbox\toolboxes\Data Management Tools.tbx\AddField" Date="20250225" Time="164427">AddField "C:\Users\Wei\Downloads\lakeshore_example\1_lakeshore_example_original ArcNLET_NO3\2_Particle_tracking_module\Inputs\paths50.shp" PathWBId LONG # # # # NULLABLE NON_REQUIRED #</Process><Process ToolSource="C:\Users\Wei\OneDrive - Florida State University\Work\02-ArcNLET-Py\ArcNLET\ArcNLET-Py\ArcNLET-Py-Source-Code\ArcNLET.pyt\InterfaceParticleTracking" Date="20250225" Time="164429">InterfaceParticleTracking "C:\Users\Wei\Downloads\lakeshore_example\1_lakeshore_example_original ArcNLET_NO3\2_Particle_tracking_module\Inputs\PotentialSepticTankLocations.shp" "C:\Users\Wei\Downloads\lakeshore_example\1_lakeshore_example_original ArcNLET_NO3\1_Groundwater_flow_module\Inputs\waterbodies.shp" "C:\Users\Wei\Downloads\lakeshore_example\1_lakeshore_example_original ArcNLET_NO3\2_Particle_tracking_module\Inputs\velmag50" "C:\Users\Wei\Downloads\lakeshore_example\1_lakeshore_example_original ArcNLET_NO3\2_Particle_tracking_module\Inputs\veldir50" "C:\Users\Wei\Downloads\lakeshore_example\1_lakeshore_example_original ArcNLET_NO3\2_Particle_tracking_module\Inputs\porosity.img" false 10 5 1000 "C:\Users\Wei\Downloads\lakeshore_example\1_lakeshore_example_original ArcNLET_NO3\2_Particle_tracking_module\Inputs\paths50.shp"</Process></lineage><itemProps><itemLocation><linkage Sync="TRUE">file://\\EOAS2022-GRADX\C$\Users\Wei\Downloads\lakeshore_example\1_lakeshore_example_original ArcNLET_NO3\2_Particle_tracking_module\Outputs\paths50</linkage><protocol Sync="TRUE">Local Area Network</protocol></itemLocation></itemProps><copyHistory><copy source="C:\Users\Wei\Downloads\lakeshore_example\1_lakeshore_example_original ArcNLET_NO3\2_Particle_tracking_module\Inputs\paths50" dest="\\EOAS2022-GRADX\C$\Users\Wei\Downloads\lakeshore_example\1_lakeshore_example_original ArcNLET_NO3\2_Particle_tracking_module\Outputs\paths50" date="20250225" time="16454000"></copy></copyHistory></DataProperties></Esri></metadata>
