<?xml version="1.0" encoding="UTF-8"?>
<metadata xml:lang="en"><Esri><CreaDate>20240822</CreaDate><CreaTime>11475600</CreaTime><ArcGISFormat>1.0</ArcGISFormat><SyncOnce>TRUE</SyncOnce><DataProperties><lineage><Process ToolSource="C:\Users\Wei\OneDrive - Florida State University\Work\02-ArcNLET-Py\arcnlet-modify\ArcNLET.pyt\InterfaceLoadEstimation" Date="20240822" Time="114756">InterfaceLoadEstimation Nitrogen false 1 C:\Users\Wei\Downloads\lakeshore_example\0_lakeshore_example_simple\1_Particle_tracking_module\Inputs\no3_info.shp # # C:\Users\Wei\Downloads\lakeshore_example\0_lakeshore_example_simple\1_Particle_tracking_module\Inputs\no3_info.csv # #</Process></lineage></DataProperties></Esri></metadata>
