<?xml version="1.0" encoding="UTF-8"?>
<metadata xml:lang="en"><Esri><CreaDate>20240112</CreaDate><CreaTime>08533500</CreaTime><ArcGISFormat>1.0</ArcGISFormat><SyncOnce>TRUE</SyncOnce><DataProperties><itemProps><itemLocation><linkage Sync="TRUE">file://\\EOAS2022-GRADX\C$\Users\Wei\Downloads\lakeshore_example (1)\lakeshore_example\Outputs\plumes_no3</linkage><protocol Sync="TRUE">Local Area Network</protocol></itemLocation></itemProps><copyHistory><copy source="C:\Users\Wei\Downloads\lakeshore_example (1)\lakeshore_example\plumes_no3" dest="\\EOAS2022-GRADX\C$\Users\Wei\Downloads\lakeshore_example (1)\lakeshore_example\Outputs\plumes_no3" date="20240112" time="09052200"></copy></copyHistory></DataProperties></Esri></metadata>
