<PAMDataset>
  <Metadata>
    <MDI key="DataType">Generic</MDI>
  </Metadata>
  <PAMRasterBand band="1">
    <Description>hydr_cond</Description>
    <Histograms>
      <HistItem>
        <HistMin>0.0002882127300836146</HistMin>
        <HistMax>0.6372309923171997</HistMax>
        <BucketCount>256</BucketCount>
        <IncludeOutOfRange>1</IncludeOutOfRange>
        <Approximate>0</Approximate>
        <HistCounts>24|32|30|223|376|314|277|226|61|28|26|27|26|20|21|21|22|24|22|19|12|15|15|18|15|15|18|20|18|21|20|20|29|19|20|30|26|24|25|29|22|33|27|27|33|27|31|24|35|33|25|38|38|38|53|68|43|45|40|30|43|28|28|29|34|30|32|27|39|26|28|33|37|35|32|33|37|41|33|33|41|41|38|42|43|51|50|59|24|25|14|16|10|21|11|15|13|17|14|16|9|18|13|12|18|15|9|16|19|9|17|16|12|19|22|12|21|16|28|23|18|30|35|25|27|21|27|23|20|29|25|27|16|35|24|28|26|19|27|25|19|27|29|24|21|20|23|29|30|21|22|22|24|27|21|24|25|33|16|24|28|26|28|29|27|32|21|37|26|24|39|26|24|28|41|28|33|27|37|27|34|38|36|32|50|38|38|48|39|59|56|62|66|53|56|49|56|41|42|41|49|41|38|43|38|48|32|44|38|37|27|51|38|37|39|38|45|48|35|45|39|19|15|17|11|17|11|17|14|12|11|13|6|10|6|7|8|5|8|11|8|11|11|12|8|15|11|14|14|12|15|20|29|33|37|1</HistCounts>
      </HistItem>
    </Histograms>
    <Metadata>
      <MDI key="BandName">hydr_cond</MDI>
      <MDI key="RepresentationType">ATHEMATIC</MDI>
      <MDI key="STATISTICS_COUNT">8310.000000</MDI>
      <MDI key="STATISTICS_COVARIANCES">0.03881411734455116</MDI>
      <MDI key="STATISTICS_EXCLUDEDVALUES"></MDI>
      <MDI key="STATISTICS_MEDIAN">0.247572</MDI>
      <MDI key="STATISTICS_SKIPFACTORX">1</MDI>
      <MDI key="STATISTICS_SKIPFACTORY">1</MDI>
    </Metadata>
  </PAMRasterBand>
</PAMDataset>
