<?xml version="1.0" encoding="UTF-8"?>
<metadata xml:lang="en"><Esri><CreaDate>20241017</CreaDate><CreaTime>13005100</CreaTime><ArcGISFormat>1.0</ArcGISFormat><SyncOnce>TRUE</SyncOnce><DataProperties><lineage><Process ToolSource="c:\program files\arcgis\pro\Resources\ArcToolbox\toolboxes\Spatial Analyst Tools.tbx\ExtractMultiValuesToPoints" Date="20241017" Time="130051">ExtractMultiValuesToPoints C:\Users\Wei\Downloads\lakeshore_example11\1_lakeshore_example_complex\3_VZMOD_module\Inputs\tmp_shapefile.shp "C:\Users\Wei\Downloads\lakeshore_example11\1_lakeshore_example_complex\3_VZMOD_module\Inputs\soiltype soiltype" NONE</Process><Process ToolSource="c:\program files\arcgis\pro\Resources\ArcToolbox\toolboxes\Data Management Tools.tbx\AddField" Date="20241017" Time="130052">AddField C:\Users\Wei\Downloads\lakeshore_example11\1_lakeshore_example_complex\3_VZMOD_module\Inputs\tmp_shapefile.shp no3_conc "Double (64-bit floating point)" # # # # NULLABLE NON_REQUIRED #</Process><Process ToolSource="c:\program files\arcgis\pro\Resources\ArcToolbox\toolboxes\Data Management Tools.tbx\AddField" Date="20241017" Time="130052">AddField C:\Users\Wei\Downloads\lakeshore_example11\1_lakeshore_example_complex\3_VZMOD_module\Inputs\tmp_shapefile.shp nh4_conc "Double (64-bit floating point)" # # # # NULLABLE NON_REQUIRED #</Process><Process ToolSource="c:\program files\arcgis\pro\Resources\ArcToolbox\toolboxes\Data Management Tools.tbx\AddField" Date="20241017" Time="130052">AddField C:\Users\Wei\Downloads\lakeshore_example11\1_lakeshore_example_complex\3_VZMOD_module\Inputs\tmp_shapefile.shp Depth "Double (64-bit floating point)" # # # # NULLABLE NON_REQUIRED #</Process><Process ToolSource="c:\program files\arcgis\pro\Resources\ArcToolbox\toolboxes\Data Management Tools.tbx\Rename" Date="20241017" Time="130053">Rename C:\Users\Wei\Downloads\lakeshore_example11\1_lakeshore_example_complex\3_VZMOD_module\Inputs\tmp_shapefile.shp C:\Users\Wei\Downloads\lakeshore_example11\1_lakeshore_example_complex\3_VZMOD_module\Inputs\PotentialSepticTankLocations_1.shp ShapeFile</Process><Process ToolSource="c:\program files\arcgis\pro\Resources\ArcToolbox\toolboxes\Data Management Tools.tbx\DeleteField" Date="20241017" Time="130053">DeleteField C:\Users\Wei\Downloads\lakeshore_example11\1_lakeshore_example_complex\3_VZMOD_module\Inputs\PotentialSepticTankLocations_1.shp hydro_con "Delete Fields"</Process><Process ToolSource="c:\program files\arcgis\pro\Resources\ArcToolbox\toolboxes\Data Management Tools.tbx\DeleteField" Date="20241017" Time="130053">DeleteField C:\Users\Wei\Downloads\lakeshore_example11\1_lakeshore_example_complex\3_VZMOD_module\Inputs\PotentialSepticTankLocations_1.shp porosity "Delete Fields"</Process><Process ToolSource="c:\program files\arcgis\pro\Resources\ArcToolbox\toolboxes\Data Management Tools.tbx\DeleteField" Date="20241017" Time="130053">DeleteField C:\Users\Wei\Downloads\lakeshore_example11\1_lakeshore_example_complex\3_VZMOD_module\Inputs\PotentialSepticTankLocations_1.shp soiltype "Delete Fields"</Process><Process ToolSource="c:\program files\arcgis\pro\Resources\ArcToolbox\toolboxes\Data Management Tools.tbx\DeleteField" Date="20241017" Time="130053">DeleteField C:\Users\Wei\Downloads\lakeshore_example11\1_lakeshore_example_complex\3_VZMOD_module\Inputs\PotentialSepticTankLocations_1.shp Depth "Delete Fields"</Process></lineage></DataProperties></Esri></metadata>
