<PAMDataset>
  <Metadata>
    <MDI key="DataType">Generic</MDI>
  </Metadata>
  <PAMRasterBand band="1">
    <Description>soiltype</Description>
    <NoDataValue>-2.14748364800000E+09</NoDataValue>
    <Histograms>
      <HistItem>
        <HistMin>-0.5</HistMin>
        <HistMax>5.5</HistMax>
        <BucketCount>6</BucketCount>
        <IncludeOutOfRange>1</IncludeOutOfRange>
        <Approximate>0</Approximate>
        <HistCounts>5378|0|0|0|374|7936</HistCounts>
      </HistItem>
    </Histograms>
    <Metadata>
      <MDI key="BandName">soiltype</MDI>
      <MDI key="RepresentationType">THEMATIC</MDI>
      <MDI key="STATISTICS_COUNT">13688.000000</MDI>
      <MDI key="STATISTICS_COVARIANCES">5.882887672744629</MDI>
      <MDI key="STATISTICS_EXCLUDEDVALUES"></MDI>
      <MDI key="STATISTICS_MEDIAN">5.000000</MDI>
      <MDI key="STATISTICS_SKIPFACTORX">1</MDI>
      <MDI key="STATISTICS_SKIPFACTORY">1</MDI>
    </Metadata>
    <Metadata domain="IMAGE_STRUCTURE">
      <MDI key="NBITS">4</MDI>
    </Metadata>
  </PAMRasterBand>
</PAMDataset>
