<?xml version="1.0" encoding="UTF-8"?>
<metadata xml:lang="en"><Esri><CreaDate>20240112</CreaDate><CreaTime>10012500</CreaTime><ArcGISFormat>1.0</ArcGISFormat><SyncOnce>TRUE</SyncOnce><DataProperties><lineage><Process ToolSource="c:\program files\arcgis\pro\Resources\ArcToolbox\toolboxes\Data Management Tools.tbx\BuildRasterAttributeTable" Date="20240112" Time="100125">BuildRasterAttributeTable "C:\Users\Wei\OneDrive - Florida State University\Desktop\lakeshore_example\Preprocessingmodule\texture" Overwrite NONE</Process><Process ToolSource="c:\program files\arcgis\pro\Resources\ArcToolbox\toolboxes\Data Management Tools.tbx\AddField" Date="20240112" Time="100125">AddField "C:\Users\Wei\OneDrive - Florida State University\Desktop\lakeshore_example\Preprocessingmodule\texture" SOILTYPE Text # # 50 # NULLABLE NON_REQUIRED #</Process><Process ToolSource="C:\Users\Wei\OneDrive - Florida State University\Work\02-ArcNLET-Py\ArcNLET\ArcNLET-Py\ArcNLET\ArcNLET.pyt\InterfacePreprocessing" Date="20240112" Time="100125">InterfacePreprocessing "C:\Users\Wei\OneDrive - Florida State University\Desktop\lakeshore_example\Preprocessingmodule\study_area.shp" PROJCS["WGS_1984_UTM_Zone_17N",GEOGCS["GCS_WGS_1984",DATUM["D_WGS_1984",SPHEROID["WGS_1984",6378137.0,298.257223563]],PRIMEM["Greenwich",0.0],UNIT["Degree",0.0174532925199433]],PROJECTION["Transverse_Mercator"],PARAMETER["False_Easting",500000.0],PARAMETER["False_Northing",0.0],PARAMETER["Central_Meridian",-81.0],PARAMETER["Scale_Factor",0.9996],PARAMETER["Latitude_Of_Origin",0.0],UNIT["Meter",1.0]] 0 200 "Harmonic mean for Ks" 10 "C:\Users\Wei\OneDrive - Florida State University\Desktop\lakeshore_example\Preprocessingmodule\hydr" "C:\Users\Wei\OneDrive - Florida State University\Desktop\lakeshore_example\Preprocessingmodule\poro" "C:\Users\Wei\OneDrive - Florida State University\Desktop\lakeshore_example\Preprocessingmodule\texture" "C:\Users\Wei\OneDrive - Florida State University\Desktop\lakeshore_example\Preprocessingmodule\spat"</Process></lineage></DataProperties></Esri></metadata>
