<?xml version="1.0" encoding="UTF-8"?>
<metadata xml:lang="en"><Esri><CreaDate>20240425</CreaDate><CreaTime>16244800</CreaTime><ArcGISFormat>1.0</ArcGISFormat><SyncOnce>TRUE</SyncOnce><DataProperties><lineage><Process ToolSource="C:\Users\qishu\Downloads\ArcNLET-Py-main\ArcNLET\ArcNLET.pyt\InterfacePreprocessing" Date="20240425" Time="112924">InterfacePreprocessing E:\lakeshore_example\2_lakeshore_example_complex\0_Preprocessing_module\Inputs\study_area_Project.shp PROJCS["NAD_1983_UTM_Zone_17N",GEOGCS["GCS_North_American_1983",DATUM["D_North_American_1983",SPHEROID["GRS_1980",6378137.0,298.257222101]],PRIMEM["Greenwich",0.0],UNIT["Degree",0.0174532925199433]],PROJECTION["Transverse_Mercator"],PARAMETER["False_Easting",500000.0],PARAMETER["False_Northing",0.0],PARAMETER["Central_Meridian",-81.0],PARAMETER["Scale_Factor",0.9996],PARAMETER["Latitude_Of_Origin",0.0],UNIT["Meter",1.0]] 0 200 "Harmonic mean for Ks" 10 E:\lakeshore_example\2_lakeshore_example_complex\0_Preprocessing_module\Inputs\hydr_cond E:\lakeshore_example\2_lakeshore_example_complex\0_Preprocessing_module\Inputs\porosity E:\lakeshore_example\2_lakeshore_example_complex\0_Preprocessing_module\Inputs\soiltype E:\lakeshore_example\2_lakeshore_example_complex\0_Preprocessing_module\Inputs\spatial</Process></lineage><itemProps><itemLocation><linkage Sync="TRUE">file://\\LAPTOP-M16-M\E$\lakeshore_example\2_lakeshore_example_complex\2_Particle_tracking_module\Inputs\porosity</linkage><protocol Sync="TRUE">Local Area Network</protocol></itemLocation></itemProps><copyHistory><copy source="E:\lakeshore_example\2_lakeshore_example_complex\1_Groundwater_flow_module\Inputs\porosity" dest="\\LAPTOP-M16-M\E$\lakeshore_example\2_lakeshore_example_complex\2_Particle_tracking_module\Inputs\porosity" date="20240425" time="16244800"></copy></copyHistory></DataProperties></Esri></metadata>
