<?xml version="1.0" encoding="UTF-8"?>
<metadata xml:lang="en"><Esri><CreaDate>20241217</CreaDate><CreaTime>22103100</CreaTime><ArcGISFormat>1.0</ArcGISFormat><SyncOnce>TRUE</SyncOnce><DataProperties><lineage><Process ToolSource="c:\program files\arcgis\pro\Resources\ArcToolbox\toolboxes\Data Management Tools.tbx\CreateFeatureclass" Date="20241217" Time="221028">CreateFeatureclass C:\ArcNLET\JonesGrosecloseDataGitHub_20241217\0Preprocessing\Inputs int_spa_tmp.shp POLYGON # DISABLED DISABLED "GEOGCS["GCS_WGS_1984",DATUM["D_WGS_1984",SPHEROID["WGS_1984",6378137.0,298.257223563]],PRIMEM["Greenwich",0.0],UNIT["Degree",0.0174532925199433]];-400 -400 1000000000;-100000 10000;-100000 10000;8.98315284119521E-09;0.001;0.001;IsHighPrecision" # 0 0 0 # SAME_AS_TEMPLATE</Process><Process ToolSource="c:\program files\arcgis\pro\Resources\ArcToolbox\toolboxes\Data Management Tools.tbx\AddField" Date="20241217" Time="221028">AddField C:\ArcNLET\JonesGrosecloseDataGitHub_20241217\0Preprocessing\Inputs\int_spa_tmp.shp areasymbol TEXT # # # # NULLABLE NON_REQUIRED #</Process><Process ToolSource="c:\program files\arcgis\pro\Resources\ArcToolbox\toolboxes\Data Management Tools.tbx\AddField" Date="20241217" Time="221028">AddField C:\ArcNLET\JonesGrosecloseDataGitHub_20241217\0Preprocessing\Inputs\int_spa_tmp.shp areaname TEXT # # # # NULLABLE NON_REQUIRED #</Process><Process ToolSource="c:\program files\arcgis\pro\Resources\ArcToolbox\toolboxes\Data Management Tools.tbx\AddField" Date="20241217" Time="221028">AddField C:\ArcNLET\JonesGrosecloseDataGitHub_20241217\0Preprocessing\Inputs\int_spa_tmp.shp muname TEXT # # # # NULLABLE NON_REQUIRED #</Process><Process ToolSource="c:\program files\arcgis\pro\Resources\ArcToolbox\toolboxes\Data Management Tools.tbx\AddField" Date="20241217" Time="221028">AddField C:\ArcNLET\JonesGrosecloseDataGitHub_20241217\0Preprocessing\Inputs\int_spa_tmp.shp musym TEXT # # # # NULLABLE NON_REQUIRED #</Process><Process ToolSource="c:\program files\arcgis\pro\Resources\ArcToolbox\toolboxes\Data Management Tools.tbx\AddField" Date="20241217" Time="221028">AddField C:\ArcNLET\JonesGrosecloseDataGitHub_20241217\0Preprocessing\Inputs\int_spa_tmp.shp mukey TEXT # # # # NULLABLE NON_REQUIRED #</Process><Process ToolSource="c:\program files\arcgis\pro\Resources\ArcToolbox\toolboxes\Data Management Tools.tbx\AddField" Date="20241217" Time="221028">AddField C:\ArcNLET\JonesGrosecloseDataGitHub_20241217\0Preprocessing\Inputs\int_spa_tmp.shp nat_musym TEXT # # # # NULLABLE NON_REQUIRED #</Process><Process ToolSource="c:\program files\arcgis\pro\Resources\ArcToolbox\toolboxes\Data Management Tools.tbx\AddField" Date="20241217" Time="221029">AddField C:\ArcNLET\JonesGrosecloseDataGitHub_20241217\0Preprocessing\Inputs\int_spa_tmp.shp ksat_l DOUBLE # # # # NULLABLE NON_REQUIRED #</Process><Process ToolSource="c:\program files\arcgis\pro\Resources\ArcToolbox\toolboxes\Data Management Tools.tbx\AddField" Date="20241217" Time="221029">AddField C:\ArcNLET\JonesGrosecloseDataGitHub_20241217\0Preprocessing\Inputs\int_spa_tmp.shp ksat_r DOUBLE # # # # NULLABLE NON_REQUIRED #</Process><Process ToolSource="c:\program files\arcgis\pro\Resources\ArcToolbox\toolboxes\Data Management Tools.tbx\AddField" Date="20241217" Time="221029">AddField C:\ArcNLET\JonesGrosecloseDataGitHub_20241217\0Preprocessing\Inputs\int_spa_tmp.shp ksat_h DOUBLE # # # # NULLABLE NON_REQUIRED #</Process><Process ToolSource="c:\program files\arcgis\pro\Resources\ArcToolbox\toolboxes\Data Management Tools.tbx\AddField" Date="20241217" Time="221029">AddField C:\ArcNLET\JonesGrosecloseDataGitHub_20241217\0Preprocessing\Inputs\int_spa_tmp.shp wsat_l DOUBLE # # # # NULLABLE NON_REQUIRED #</Process><Process ToolSource="c:\program files\arcgis\pro\Resources\ArcToolbox\toolboxes\Data Management Tools.tbx\AddField" Date="20241217" Time="221029">AddField C:\ArcNLET\JonesGrosecloseDataGitHub_20241217\0Preprocessing\Inputs\int_spa_tmp.shp wsat_r DOUBLE # # # # NULLABLE NON_REQUIRED #</Process><Process ToolSource="c:\program files\arcgis\pro\Resources\ArcToolbox\toolboxes\Data Management Tools.tbx\AddField" Date="20241217" Time="221029">AddField C:\ArcNLET\JonesGrosecloseDataGitHub_20241217\0Preprocessing\Inputs\int_spa_tmp.shp wsat_h DOUBLE # # # # NULLABLE NON_REQUIRED #</Process><Process ToolSource="c:\program files\arcgis\pro\Resources\ArcToolbox\toolboxes\Data Management Tools.tbx\AddField" Date="20241217" Time="221029">AddField C:\ArcNLET\JonesGrosecloseDataGitHub_20241217\0Preprocessing\Inputs\int_spa_tmp.shp dbo_l DOUBLE # # # # NULLABLE NON_REQUIRED #</Process><Process ToolSource="c:\program files\arcgis\pro\Resources\ArcToolbox\toolboxes\Data Management Tools.tbx\AddField" Date="20241217" Time="221030">AddField C:\ArcNLET\JonesGrosecloseDataGitHub_20241217\0Preprocessing\Inputs\int_spa_tmp.shp dbo_r DOUBLE # # # # NULLABLE NON_REQUIRED #</Process><Process ToolSource="c:\program files\arcgis\pro\Resources\ArcToolbox\toolboxes\Data Management Tools.tbx\AddField" Date="20241217" Time="221030">AddField C:\ArcNLET\JonesGrosecloseDataGitHub_20241217\0Preprocessing\Inputs\int_spa_tmp.shp dbo_h DOUBLE # # # # NULLABLE NON_REQUIRED #</Process><Process ToolSource="c:\program files\arcgis\pro\Resources\ArcToolbox\toolboxes\Data Management Tools.tbx\AddField" Date="20241217" Time="221030">AddField C:\ArcNLET\JonesGrosecloseDataGitHub_20241217\0Preprocessing\Inputs\int_spa_tmp.shp part_d DOUBLE # # # # NULLABLE NON_REQUIRED #</Process><Process ToolSource="c:\program files\arcgis\pro\Resources\ArcToolbox\toolboxes\Data Management Tools.tbx\AddField" Date="20241217" Time="221030">AddField C:\ArcNLET\JonesGrosecloseDataGitHub_20241217\0Preprocessing\Inputs\int_spa_tmp.shp clay_r DOUBLE # # # # NULLABLE NON_REQUIRED #</Process><Process ToolSource="c:\program files\arcgis\pro\Resources\ArcToolbox\toolboxes\Data Management Tools.tbx\AddField" Date="20241217" Time="221030">AddField C:\ArcNLET\JonesGrosecloseDataGitHub_20241217\0Preprocessing\Inputs\int_spa_tmp.shp silt_r DOUBLE # # # # NULLABLE NON_REQUIRED #</Process><Process ToolSource="c:\program files\arcgis\pro\Resources\ArcToolbox\toolboxes\Data Management Tools.tbx\AddField" Date="20241217" Time="221030">AddField C:\ArcNLET\JonesGrosecloseDataGitHub_20241217\0Preprocessing\Inputs\int_spa_tmp.shp sand_r DOUBLE # # # # NULLABLE NON_REQUIRED #</Process><Process ToolSource="c:\program files\arcgis\pro\Resources\ArcToolbox\toolboxes\Data Management Tools.tbx\AddField" Date="20241217" Time="221030">AddField C:\ArcNLET\JonesGrosecloseDataGitHub_20241217\0Preprocessing\Inputs\int_spa_tmp.shp poro DOUBLE # # # # NULLABLE NON_REQUIRED #</Process><Process ToolSource="c:\program files\arcgis\pro\Resources\ArcToolbox\toolboxes\Data Management Tools.tbx\AddField" Date="20241217" Time="221031">AddField C:\ArcNLET\JonesGrosecloseDataGitHub_20241217\0Preprocessing\Inputs\int_spa_tmp.shp texture TEXT # # # # NULLABLE NON_REQUIRED #</Process><Process ToolSource="c:\program files\arcgis\pro\Resources\ArcToolbox\toolboxes\Data Management Tools.tbx\AddField" Date="20241217" Time="221031">AddField C:\ArcNLET\JonesGrosecloseDataGitHub_20241217\0Preprocessing\Inputs\int_spa_tmp.shp soiltype DOUBLE # # # # NULLABLE NON_REQUIRED #</Process><Process ToolSource="c:\program files\arcgis\pro\Resources\ArcToolbox\toolboxes\Data Management Tools.tbx\Project" Date="20241217" Time="221031">Project C:\ArcNLET\JonesGrosecloseDataGitHub_20241217\0Preprocessing\Inputs\int_spa_tmp.shp C:\ArcNLET\JonesGrosecloseDataGitHub_20241217\0Preprocessing\Outputs\spatial PROJCS["NAD_1983_UTM_Zone_17N",GEOGCS["GCS_North_American_1983",DATUM["D_North_American_1983",SPHEROID["GRS_1980",6378137.0,298.257222101]],PRIMEM["Greenwich",0.0],UNIT["Degree",0.0174532925199433]],PROJECTION["Transverse_Mercator"],PARAMETER["False_Easting",500000.0],PARAMETER["False_Northing",0.0],PARAMETER["Central_Meridian",-81.0],PARAMETER["Scale_Factor",0.9996],PARAMETER["Latitude_Of_Origin",0.0],UNIT["Meter",1.0]] WGS_1984_(ITRF00)_To_NAD_1983 GEOGCS["GCS_WGS_1984",DATUM["D_WGS_1984",SPHEROID["WGS_1984",6378137.0,298.257223563]],PRIMEM["Greenwich",0.0],UNIT["Degree",0.0174532925199433]] NO_PRESERVE_SHAPE # NO_VERTICAL</Process><Process ToolSource="C:\ArcNLET\ArcNLET-Py-main\ArcNLET-Py-main\ArcNLET\ArcNLET.pyt\InterfacePreprocessing" Date="20241217" Time="221046">InterfacePreprocessing PortMalabar_StudyArea PROJCS["NAD_1983_UTM_Zone_17N",GEOGCS["GCS_North_American_1983",DATUM["D_North_American_1983",SPHEROID["GRS_1980",6378137.0,298.257222101]],PRIMEM["Greenwich",0.0],UNIT["Degree",0.0174532925199433]],PROJECTION["Transverse_Mercator"],PARAMETER["False_Easting",500000.0],PARAMETER["False_Northing",0.0],PARAMETER["Central_Meridian",-81.0],PARAMETER["Scale_Factor",0.9996],PARAMETER["Latitude_Of_Origin",0.0],UNIT["Meter",1.0]] 79 201 "Harmonic mean for Ks" 3 C:\ArcNLET\JonesGrosecloseDataGitHub_20241217\0Preprocessing\Outputs\hydr_cond C:\ArcNLET\JonesGrosecloseDataGitHub_20241217\0Preprocessing\Outputs\porosity C:\ArcNLET\JonesGrosecloseDataGitHub_20241217\0Preprocessing\Outputs\soiltype C:\ArcNLET\JonesGrosecloseDataGitHub_20241217\0Preprocessing\Outputs\spatial.shp</Process></lineage></DataProperties></Esri></metadata>
