<PAMDataset>
  <Metadata>
    <MDI key="DataType">Generic</MDI>
  </Metadata>
  <Metadata domain="Esri">
    <MDI key="PyramidResamplingType">NEAREST</MDI>
  </Metadata>
  <PAMRasterBand band="1">
    <Description>hydr_cond</Description>
    <Histograms>
      <HistItem>
        <HistMin>2.518003566365223e-05</HistMin>
        <HistMax>0.390980452299118</HistMax>
        <BucketCount>256</BucketCount>
        <IncludeOutOfRange>1</IncludeOutOfRange>
        <Approximate>0</Approximate>
        <HistCounts>1072|2584|2709|2621|2806|2506|2139|1591|1360|1280|1249|1173|1115|971|709|528|471|430|485|418|507|588|426|291|296|282|281|258|242|250|284|233|281|328|235|154|79|72|66|56|58|70|77|72|62|62|65|57|46|61|61|64|63|58|39|46|43|40|44|61|75|64|48|53|51|53|54|43|39|44|32|39|38|25|32|41|46|32|41|41|42|29|39|36|43|48|40|42|35|34|26|23|31|34|42|42|31|36|42|46|39|39|51|36|37|42|55|41|44|46|33|46|59|43|62|65|83|54|60|67|55|55|69|63|50|53|59|45|42|49|61|42|48|43|44|42|41|41|31|39|37|41|36|55|31|42|39|27|43|31|33|37|46|49|31|30|35|42|25|28|38|29|25|27|28|22|27|28|24|24|29|28|25|25|38|29|38|21|35|41|22|24|29|36|37|27|39|31|30|26|28|30|27|43|28|21|25|35|28|20|26|22|31|28|23|23|27|22|28|28|23|24|27|31|18|27|22|24|20|23|17|24|18|19|14|12|13|10|6|7|11|2|2|7|7|3|0|3|2|0|2|1|0|2|0|3|2|0|0|1|0|1|0|0|1|1</HistCounts>
      </HistItem>
    </Histograms>
    <Metadata>
      <MDI key="BandName">hydr_cond</MDI>
      <MDI key="RepresentationType">ATHEMATIC</MDI>
      <MDI key="STATISTICS_COUNT">40774.000000</MDI>
      <MDI key="STATISTICS_COVARIANCES">0.005586982954692079</MDI>
      <MDI key="STATISTICS_EXCLUDEDVALUES"></MDI>
      <MDI key="STATISTICS_MEDIAN">0.013824</MDI>
      <MDI key="STATISTICS_SKIPFACTORX">1</MDI>
      <MDI key="STATISTICS_SKIPFACTORY">1</MDI>
    </Metadata>
  </PAMRasterBand>
</PAMDataset>
