<?xml version="1.0" encoding="UTF-8"?>
<metadata xml:lang="en"><Esri><CreaDate>20250225</CreaDate><CreaTime>19303500</CreaTime><ArcGISFormat>1.0</ArcGISFormat><SyncOnce>TRUE</SyncOnce><DataProperties><itemProps><itemLocation><linkage Sync="TRUE">file://\\EOAS2022-GRADX\C$\Users\Wei\Downloads\lakeshore_example\3_lakeshore_example_ArcNLET-Py_NO3+NH4+PO4\4_Transport_module\Outputs\po4plumes</linkage><protocol Sync="TRUE">Local Area Network</protocol></itemLocation></itemProps><copyHistory><copy source="C:\Users\Wei\Downloads\lakeshore_example\3_lakeshore_example_ArcNLET-Py_NO3+NH4+PO4\4_Transport_module\Inputs\po4plumes" dest="\\EOAS2022-GRADX\C$\Users\Wei\Downloads\lakeshore_example\3_lakeshore_example_ArcNLET-Py_NO3+NH4+PO4\4_Transport_module\Outputs\po4plumes" date="20250225" time="19303500"></copy></copyHistory></DataProperties></Esri></metadata>
