<?xml version="1.0" encoding="UTF-8"?>
<metadata xml:lang="en"><Esri><CreaDate>20250225</CreaDate><CreaTime>18141200</CreaTime><ArcGISFormat>1.0</ArcGISFormat><SyncOnce>TRUE</SyncOnce><DataProperties><itemProps><itemLocation><linkage Sync="TRUE">file://\\EOAS2022-GRADX\C$\Users\Wei\Downloads\lakeshore_example\2_lakeshore_example_ArcNLET-Py_NO3+NH4\5_Load_estimation_module\Inputs\no3plumes_info</linkage><protocol Sync="TRUE">Local Area Network</protocol></itemLocation></itemProps><copyHistory><copy source="C:\Users\Wei\Downloads\lakeshore_example\2_lakeshore_example_ArcNLET-Py_NO3+NH4\4_Transport_module\Outputs\no3plumes_info" dest="\\EOAS2022-GRADX\C$\Users\Wei\Downloads\lakeshore_example\2_lakeshore_example_ArcNLET-Py_NO3+NH4\5_Load_estimation_module\Inputs\no3plumes_info" date="20250225" time="18141200"></copy></copyHistory></DataProperties></Esri></metadata>
