<?xml version="1.0" encoding="UTF-8"?>
<metadata xml:lang="en"><Esri><CreaDate>20240827</CreaDate><CreaTime>16503200</CreaTime><ArcGISFormat>1.0</ArcGISFormat><SyncOnce>TRUE</SyncOnce><DataProperties><lineage><Process ToolSource="c:\program files\arcgis\pro\Resources\ArcToolbox\toolboxes\Spatial Analyst Tools.tbx\ExtractMultiValuesToPoints" Date="20240827" Time="140723">ExtractMultiValuesToPoints C:\Users\Wei\Downloads\lakeshore_example\1_lakeshore_example_complex\3_VZMOD_module\Inputs\tmp_shapefile.shp "C:\Users\Wei\Downloads\lakeshore_example\1_lakeshore_example_complex\3_VZMOD_module\Inputs\soiltype soiltype" NONE</Process><Process ToolSource="c:\program files\arcgis\pro\Resources\ArcToolbox\toolboxes\Data Management Tools.tbx\AddField" Date="20240827" Time="140724">AddField C:\Users\Wei\Downloads\lakeshore_example\1_lakeshore_example_complex\3_VZMOD_module\Inputs\tmp_shapefile.shp P_conc "Double (64-bit floating point)" # # # # NULLABLE NON_REQUIRED #</Process><Process ToolSource="c:\program files\arcgis\pro\Resources\ArcToolbox\toolboxes\Data Management Tools.tbx\AddField" Date="20240827" Time="140724">AddField C:\Users\Wei\Downloads\lakeshore_example\1_lakeshore_example_complex\3_VZMOD_module\Inputs\tmp_shapefile.shp Depth "Double (64-bit floating point)" # # # # NULLABLE NON_REQUIRED #</Process><Process ToolSource="c:\program files\arcgis\pro\Resources\ArcToolbox\toolboxes\Data Management Tools.tbx\Rename" Date="20240827" Time="140724">Rename C:\Users\Wei\Downloads\lakeshore_example\1_lakeshore_example_complex\3_VZMOD_module\Inputs\tmp_shapefile.shp C:\Users\Wei\Downloads\lakeshore_example\1_lakeshore_example_complex\3_VZMOD_module\Inputs\PotentialSepticTankLocations.shp ShapeFile</Process><Process ToolSource="c:\program files\arcgis\pro\Resources\ArcToolbox\toolboxes\Data Management Tools.tbx\DeleteField" Date="20240827" Time="140724">DeleteField C:\Users\Wei\Downloads\lakeshore_example\1_lakeshore_example_complex\3_VZMOD_module\Inputs\PotentialSepticTankLocations.shp hydro_con "Delete Fields"</Process><Process ToolSource="c:\program files\arcgis\pro\Resources\ArcToolbox\toolboxes\Data Management Tools.tbx\DeleteField" Date="20240827" Time="140724">DeleteField C:\Users\Wei\Downloads\lakeshore_example\1_lakeshore_example_complex\3_VZMOD_module\Inputs\PotentialSepticTankLocations.shp porosity "Delete Fields"</Process><Process ToolSource="c:\program files\arcgis\pro\Resources\ArcToolbox\toolboxes\Data Management Tools.tbx\DeleteField" Date="20240827" Time="140724">DeleteField C:\Users\Wei\Downloads\lakeshore_example\1_lakeshore_example_complex\3_VZMOD_module\Inputs\PotentialSepticTankLocations.shp soiltype "Delete Fields"</Process><Process ToolSource="c:\program files\arcgis\pro\Resources\ArcToolbox\toolboxes\Data Management Tools.tbx\DeleteField" Date="20240827" Time="140724">DeleteField C:\Users\Wei\Downloads\lakeshore_example\1_lakeshore_example_complex\3_VZMOD_module\Inputs\PotentialSepticTankLocations.shp Depth "Delete Fields"</Process><Process ToolSource="c:\program files\arcgis\pro\Resources\ArcToolbox\Toolboxes\Data Management Tools.tbx\DeleteField" Date="20240827" Time="170551">DeleteField PotentialSepticTankLocations P_conc "Delete Fields"</Process></lineage><itemProps><itemLocation><linkage Sync="TRUE">file://\\EOAS2022-GRADX\C$\Users\Wei\Downloads\lakeshore_example\1_lakeshore_example_complex\3_VZMOD_module\Outputs\PotentialSepticTankLocations</linkage><protocol Sync="TRUE">Local Area Network</protocol></itemLocation></itemProps><copyHistory><copy source="C:\Users\Wei\Downloads\lakeshore_example\1_lakeshore_example_complex\3_VZMOD_module\Inputs\PotentialSepticTankLocations" dest="\\EOAS2022-GRADX\C$\Users\Wei\Downloads\lakeshore_example\1_lakeshore_example_complex\3_VZMOD_module\Outputs\PotentialSepticTankLocations" date="20240827" time="16503200"></copy></copyHistory></DataProperties></Esri></metadata>
