<?xml version="1.0" encoding="UTF-8"?>
<metadata xml:lang="en"><Esri><CreaDate>20240425</CreaDate><CreaTime>11391200</CreaTime><ArcGISFormat>1.0</ArcGISFormat><SyncOnce>TRUE</SyncOnce><DataProperties><lineage><Process ToolSource="C:\Users\qishu\Downloads\ArcNLET-Py-main\ArcNLET\ArcNLET.pyt\InterfaceVZMOD" Date="20240425" Time="113912">InterfaceVZMOD "Multiple OSTDS" true false true E:\lakeshore_example\2_lakeshore_example_complex\3_VZMOD_module\Inputs\PotentialSepticTankLocations.shp E:\lakeshore_example\2_lakeshore_example_complex\3_VZMOD_module\Inputs\hydr_cond E:\lakeshore_example\2_lakeshore_example_complex\3_VZMOD_module\Inputs\porosity # # E:\lakeshore_example\2_lakeshore_example_complex\3_VZMOD_module\Inputs\soiltype Clay 2 0.015 14.75 0.098 0.459 1.26 2.9 25 0.347 2.267 1.104 0 0 0.154 0.665 0.809 0.025 26 0.347 3.774 0 1.46 1.5 25.5 4.32 60 1 150 0 E:\lakeshore_example\2_lakeshore_example_complex\3_VZMOD_module\Outputs\results.txt</Process></lineage></DataProperties></Esri></metadata>
