<?xml version="1.0" encoding="UTF-8"?>
<metadata xml:lang="en"><Esri><CreaDate>20241017</CreaDate><CreaTime>16071000</CreaTime><ArcGISFormat>1.0</ArcGISFormat><SyncOnce>TRUE</SyncOnce><DataProperties><lineage><Process ToolSource="C:\Users\Wei\OneDrive - Florida State University\Work\02-ArcNLET-Py\arcnlet1\ArcNLET.pyt\InterfaceVZMOD" Date="20241017" Time="160710">InterfaceVZMOD "Nitrogen and Phosphorus" "Multiple OSTDS" true false true PotentialSepticTankLocations hydr_cond porosity # # soiltype Clay 2 0.015 14.75 0.098 0.459 1.26 2.9 25 0.347 2.267 1.104 0 0 0.154 0.665 0.809 0.08 26 0.347 3.774 0 1.46 4.32 1.5 25.5 0.0008 Linear 0.2 873 15.1 60 1 10 150 0 C:\Users\Wei\Downloads\lakeshore_example11\2_lakeshore_example_phosphorus\3_VZMOD_module\Outputs\rresult.txt</Process></lineage></DataProperties></Esri></metadata>
