<?xml version="1.0" encoding="UTF-8"?>
<metadata xml:lang="en"><Esri><CreaDate>20240425</CreaDate><CreaTime>10592500</CreaTime><ArcGISFormat>1.0</ArcGISFormat><SyncOnce>TRUE</SyncOnce><DataProperties><itemProps><itemLocation><linkage Sync="TRUE">file://\\LAPTOP-M16-M\E$\lakeshore_example\2_lakeshore_example_complex\1_Groundwater_flow_module\Inputs\lakeshore.img</linkage><protocol Sync="TRUE">Local Area Network</protocol></itemLocation></itemProps><copyHistory><copy source="E:\lakeshore_example\2_lakeshore_example_complex\1_Groundwater_flow_module\lakeshore.img" dest="\\LAPTOP-M16-M\E$\lakeshore_example\2_lakeshore_example_complex\1_Groundwater_flow_module\Inputs\lakeshore.img" date="20240425" time="11313100"></copy></copyHistory></DataProperties></Esri></metadata>
