<?xml version="1.0" encoding="UTF-8"?>
<metadata xml:lang="en"><Esri><CreaDate>20240425</CreaDate><CreaTime>11285200</CreaTime><ArcGISFormat>1.0</ArcGISFormat><SyncOnce>TRUE</SyncOnce><DataProperties><lineage><Process ToolSource="c:\program files\arcgis\pro\Resources\ArcToolbox\toolboxes\Data Management Tools.tbx\Rename" Date="20231204" Time="093316">Rename C:\Users\Wei\Downloads\test_pro\test_pro\file1.shp C:\Users\Wei\Downloads\test_pro\test_pro\study_area.shp ShapeFile</Process><Process ToolSource="c:\program files\arcgis\pro\Resources\ArcToolbox\toolboxes\Data Management Tools.tbx\Copy" Date="20231204" Time="102419">Copy C:\Users\Wei\Downloads\test_pro\test_pro\study_area.shp C:\Users\Wei\Downloads\test_pro\test_pro\LakeshoreExampleOutputs_2023_09_28\study_area.shp Shapefile #</Process><Process ToolSource="c:\program files (x86)\arcgis\desktop10.8\ArcToolbox\Toolboxes\Data Management Tools.tbx\Project" Date="20240425" Time="112852">Project E:\lakeshore_example\2_lakeshore_example_complex\0_Preprocessing_module\Inputs\study_area.shp E:\lakeshore_example\2_lakeshore_example_complex\0_Preprocessing_module\Inputs\study_area_Project.shp PROJCS['NAD_1983_UTM_Zone_17N',GEOGCS['GCS_North_American_1983',DATUM['D_North_American_1983',SPHEROID['GRS_1980',6378137.0,298.257222101]],PRIMEM['Greenwich',0.0],UNIT['Degree',0.0174532925199433]],PROJECTION['Transverse_Mercator'],PARAMETER['False_Easting',500000.0],PARAMETER['False_Northing',0.0],PARAMETER['Central_Meridian',-81.0],PARAMETER['Scale_Factor',0.9996],PARAMETER['Latitude_Of_Origin',0.0],UNIT['Meter',1.0]] WGS_1984_(ITRF00)_To_NAD_1983 GEOGCS['GCS_WGS_1984',DATUM['D_WGS_1984',SPHEROID['WGS_1984',6378137.0,298.257223563]],PRIMEM['Greenwich',0.0],UNIT['Degree',0.0174532925199433]] NO_PRESERVE_SHAPE # NO_VERTICAL</Process></lineage><itemProps><itemLocation><linkage Sync="TRUE">file://\\LAPTOP-M16-M\E$\lakeshore_example\2_lakeshore_example_complex\0_Preprocessing_module\Inputs\study_area</linkage><protocol Sync="TRUE">Local Area Network</protocol></itemLocation></itemProps><copyHistory><copy source="E:\lakeshore_example\lakeshore_example\Preprocessing_Module\study_area" dest="\\LAPTOP-M16-M\E$\lakeshore_example\2_lakeshore_example_complex\0_Preprocessing_module\Inputs\study_area" date="20240425" time="11281000"></copy></copyHistory></DataProperties></Esri></metadata>
