<?xml version="1.0"?>
<!--<!DOCTYPE metadata SYSTEM "http://www.esri.com/metadata/esriprof80.dtd">-->
<metadata xml:lang="en"><Esri><CreaDate>20240425</CreaDate><CreaTime>11340600</CreaTime><SyncOnce>FALSE</SyncOnce><SyncDate>20091113</SyncDate><SyncTime>15303200</SyncTime><ModDate>20091113</ModDate><ModTime>15303200</ModTime><DataProperties><lineage><Process ToolSource="C:\Program Files\ArcGIS\ArcToolbox\Toolboxes\Analysis Tools.tbx\Clip" Date="20091113" Time="144544">Clip nhdflowline clip C:\GIS_tests\lakeshore1\nhdflowline_clp.shp #</Process><Process ToolSource="C:\Program Files\ArcGIS\ArcToolbox\Toolboxes\Analysis Tools.tbx\Buffer" Date="20091113" Time="152932">Buffer nhdflowline_clp C:\GIS_tests\lakeshore1\nhdflowline_clp_Buffer.shp "5 Meters" FULL ROUND NONE #</Process><Process ToolSource="C:\Program Files\ArcGIS\ArcToolbox\Toolboxes\Data Management Tools.tbx\Merge" Date="20091113" Time="153032">Merge nhdflowline_clp_Buffer;nhdarea_clp C:\GIS_tests\lakeshore1\nhdflowline_clp_Buffer_Merge.shp "COMID 'COMID' true true false 9 Long 0 9 ,First,#,nhdflowline_clp_Buffer,COMID,-1,-1,nhdarea_clp,COMID,-1,-1;FDATE 'FDATE' true true false 8 Date 0 0 ,First,#,nhdflowline_clp_Buffer,FDATE,-1,-1,nhdarea_clp,FDATE,-1,-1;RESOLUTION 'RESOLUTION' true true false 7 Text 0 0 ,First,#,nhdflowline_clp_Buffer,RESOLUTION,-1,-1,nhdarea_clp,RESOLUTION,-1,-1;GNIS_ID 'GNIS_ID' true true false 10 Text 0 0 ,First,#,nhdflowline_clp_Buffer,GNIS_ID,-1,-1,nhdarea_clp,GNIS_ID,-1,-1;GNIS_NAME 'GNIS_NAME' true true false 65 Text 0 0 ,First,#,nhdflowline_clp_Buffer,GNIS_NAME,-1,-1,nhdarea_clp,GNIS_NAME,-1,-1;LENGTHKM 'LENGTHKM' true true false 19 Double 11 18 ,First,#,nhdflowline_clp_Buffer,LENGTHKM,-1,-1;REACHCODE 'REACHCODE' true true false 14 Text 0 0 ,First,#,nhdflowline_clp_Buffer,REACHCODE,-1,-1;FLOWDIR 'FLOWDIR' true true false 15 Text 0 0 ,First,#,nhdflowline_clp_Buffer,FLOWDIR,-1,-1;WBAREACOMI 'WBAREACOMI' true true false 9 Long 0 9 ,First,#,nhdflowline_clp_Buffer,WBAREACOMI,-1,-1;FTYPE 'FTYPE' true true false 24 Text 0 0 ,First,#,nhdflowline_clp_Buffer,FTYPE,-1,-1,nhdarea_clp,FTYPE,-1,-1;FCODE 'FCODE' true true false 9 Long 0 9 ,First,#,nhdflowline_clp_Buffer,FCODE,-1,-1,nhdarea_clp,FCODE,-1,-1;SHAPE_LENG 'SHAPE_LENG' true true false 19 Double 11 18 ,First,#,nhdflowline_clp_Buffer,SHAPE_LENG,-1,-1,nhdarea_clp,SHAPE_LENG,-1,-1;ENABLED 'ENABLED' true true false 6 Text 0 0 ,First,#,nhdflowline_clp_Buffer,ENABLED,-1,-1;BUFF_DIST 'BUFF_DIST' true true false 19 Double 0 0 ,First,#,nhdflowline_clp_Buffer,BUFF_DIST,-1,-1;AREASQKM 'AREASQKM' true true false 19 Double 11 18 ,First,#,nhdarea_clp,AREASQKM,-1,-1;ELEVATION 'ELEVATION' true true false 19 Double 11 18 ,First,#,nhdarea_clp,ELEVATION,-1,-1;SHAPE_AREA 'SHAPE_AREA' true true false 19 Double 11 18 ,First,#,nhdarea_clp,SHAPE_AREA,-1,-1"</Process><Process ToolSource="C:\Program Files\ArcGIS\ArcToolbox\Toolboxes\Data Management Tools.tbx\Project" Date="20101028" Time="125954">Project waterbodies C:\GIS_tests\lakeshore_example\waterbodies_Project.shp PROJCS['NAD_1983_UTM_Zone_17N',GEOGCS['GCS_North_American_1983',DATUM['D_North_American_1983',SPHEROID['GRS_1980',6378137.0,298.257222101]],PRIMEM['Greenwich',0.0],UNIT['Degree',0.0174532925199433]],PROJECTION['Transverse_Mercator'],PARAMETER['False_Easting',500000.0],PARAMETER['False_Northing',0.0],PARAMETER['Central_Meridian',-81.0],PARAMETER['Scale_Factor',0.9996],PARAMETER['Latitude_Of_Origin',0.0],UNIT['Meter',1.0]] # GEOGCS['GCS_North_American_1983',DATUM['D_North_American_1983',SPHEROID['GRS_1980',6378137.0,298.257222101]],PRIMEM['Greenwich',0.0],UNIT['Degree',0.0174532925199433]]</Process></lineage><itemProps><itemLocation><linkage Sync="TRUE">file://\\LAPTOP-M16-M\E$\lakeshore_example\2_lakeshore_example_complex\2_Particle_tracking_module\Inputs\waterbodies</linkage><protocol Sync="TRUE">Local Area Network</protocol></itemLocation></itemProps><copyHistory><copy source="E:\lakeshore_example\2_lakeshore_example_complex\1_Groundwater_flow_module\Inputs\waterbodies" dest="\\LAPTOP-M16-M\E$\lakeshore_example\2_lakeshore_example_complex\2_Particle_tracking_module\Inputs\waterbodies" date="20240425" time="11340600"></copy></copyHistory></DataProperties></Esri><idinfo><native Sync="TRUE">Microsoft Windows XP Version 5.1 (Build 2600) Service Pack 3; ESRI ArcCatalog 9.3.1.1850</native><descript><langdata Sync="TRUE">en</langdata><abstract>REQUIRED: A brief narrative summary of the data set.</abstract><purpose>REQUIRED: A summary of the intentions with which the data set was developed.</purpose></descript><citation><citeinfo><origin>REQUIRED: The name of an organization or individual that developed the data set.</origin><pubdate>REQUIRED: The date when the data set is published or otherwise made available for release.</pubdate><title Sync="TRUE">nhdflowline_clp_Buffer_Merge</title><ftname Sync="TRUE">nhdflowline_clp_Buffer_Merge</ftname><geoform Sync="TRUE">vector digital data</geoform><onlink Sync="TRUE"></onlink></citeinfo></citation><timeperd><current>REQUIRED: The basis on which the time period of content information is determined.</current><timeinfo><sngdate><caldate>REQUIRED: The year (and optionally month, or month and day) for which the data set corresponds to the ground.</caldate></sngdate></timeinfo></timeperd><status><progress>REQUIRED: The state of the data set.</progress><update>REQUIRED: The frequency with which changes and additions are made to the data set after the initial data set is completed.</update></status><spdom><bounding><westbc Sync="TRUE">REQUIRED: Western-most coordinate of the limit of coverage expressed in longitude.</westbc><eastbc Sync="TRUE">REQUIRED: Eastern-most coordinate of the limit of coverage expressed in longitude.</eastbc><northbc Sync="TRUE">REQUIRED: Northern-most coordinate of the limit of coverage expressed in latitude.</northbc><southbc Sync="TRUE">REQUIRED: Southern-most coordinate of the limit of coverage expressed in latitude.</southbc></bounding></spdom><keywords><theme><themekt>REQUIRED: Reference to a formally registered thesaurus or a similar authoritative source of theme keywords.</themekt><themekey>REQUIRED: Common-use word or phrase used to describe the subject of the data set.</themekey></theme></keywords><accconst>REQUIRED: Restrictions and legal prerequisites for accessing the data set.</accconst><useconst>REQUIRED: Restrictions and legal prerequisites for using the data set after access is granted.</useconst><natvform Sync="TRUE">Shapefile</natvform></idinfo><dataIdInfo><envirDesc Sync="TRUE">Microsoft Windows XP Version 5.1 (Build 2600) Service Pack 3; ESRI ArcCatalog 9.3.1.1850</envirDesc><dataLang><languageCode Sync="TRUE" value="en"></languageCode></dataLang><idCitation><resTitle Sync="TRUE">nhdflowline_clp_Buffer_Merge</resTitle><presForm><PresFormCd Sync="TRUE" value="005"></PresFormCd></presForm></idCitation><spatRpType><SpatRepTypCd Sync="TRUE" value="001"></SpatRepTypCd></spatRpType></dataIdInfo><metainfo><langmeta Sync="TRUE">en</langmeta><metstdn Sync="TRUE">FGDC Content Standards for Digital Geospatial Metadata</metstdn><metstdv Sync="TRUE">FGDC-STD-001-1998</metstdv><mettc Sync="TRUE">local time</mettc><metc><cntinfo><cntorgp><cntper>REQUIRED: The person responsible for the metadata information.</cntper><cntorg>REQUIRED: The organization responsible for the metadata information.</cntorg></cntorgp><cntaddr><addrtype>REQUIRED: The mailing and/or physical address for the organization or individual.</addrtype><city>REQUIRED: The city of the address.</city><state>REQUIRED: The state or province of the address.</state><postal>REQUIRED: The ZIP or other postal code of the address.</postal></cntaddr><cntvoice>REQUIRED: The telephone number by which individuals can speak to the organization or individual.</cntvoice></cntinfo></metc><metd Sync="TRUE">20091113</metd><metextns><onlink Sync="TRUE">http://www.esri.com/metadata/esriprof80.html</onlink><metprof Sync="TRUE">ESRI Metadata Profile</metprof></metextns></metainfo><mdLang><languageCode Sync="TRUE" value="en"></languageCode></mdLang><mdStanName Sync="TRUE">ISO 19115 Geographic Information - Metadata</mdStanName><mdStanVer Sync="TRUE">DIS_ESRI1.0</mdStanVer><mdChar><CharSetCd Sync="TRUE" value="004"></CharSetCd></mdChar><mdHrLv><ScopeCd Sync="TRUE" value="005"></ScopeCd></mdHrLv><mdHrLvName Sync="TRUE">dataset</mdHrLvName><distinfo><resdesc Sync="TRUE">Downloadable Data</resdesc><stdorder><digform><digtinfo><transize Sync="TRUE">0.000</transize><dssize Sync="TRUE">0.000</dssize></digtinfo></digform></stdorder></distinfo><distInfo><distributor><distorTran><onLineSrc><orDesc Sync="TRUE">002</orDesc><linkage Sync="TRUE">file://</linkage><protocol Sync="TRUE">Local Area Network</protocol></onLineSrc><transSize Sync="TRUE">0.000</transSize></distorTran><distorFormat><formatName Sync="TRUE">Shapefile</formatName></distorFormat></distributor></distInfo><spdoinfo><direct Sync="TRUE">Vector</direct><ptvctinf><esriterm Name="nhdflowline_clp_Buffer_Merge"><efeatyp Sync="TRUE">Simple</efeatyp><efeageom Sync="TRUE">Polygon</efeageom><esritopo Sync="TRUE">FALSE</esritopo><efeacnt Sync="TRUE">0</efeacnt><spindex Sync="TRUE">FALSE</spindex><linrefer Sync="TRUE">TRUE</linrefer></esriterm><sdtsterm Name="nhdflowline_clp_Buffer_Merge"><sdtstype Sync="TRUE">G-polygon</sdtstype><ptvctcnt Sync="TRUE">0</ptvctcnt></sdtsterm></ptvctinf></spdoinfo><spref><horizsys><cordsysn><geogcsn Sync="TRUE">GCS_North_American_1983</geogcsn></cordsysn><geograph><geogunit Sync="TRUE">Decimal degrees</geogunit><latres Sync="TRUE">0.000000</latres><longres Sync="TRUE">0.000000</longres></geograph><geodetic><horizdn Sync="TRUE">North American Datum of 1983</horizdn><ellips Sync="TRUE">Geodetic Reference System 80</ellips><semiaxis Sync="TRUE">6378137.000000</semiaxis><denflat Sync="TRUE">298.257222</denflat></geodetic></horizsys><vertdef><altsys><altenc Sync="TRUE">Explicit elevation coordinate included with horizontal coordinates</altenc><altres Sync="TRUE">0.000100</altres></altsys></vertdef></spref><refSysInfo><RefSystem><refSysID><identCode Sync="TRUE">GCS_North_American_1983</identCode></refSysID></RefSystem></refSysInfo><spatRepInfo><VectSpatRep><topLvl><TopoLevCd Sync="TRUE" value="001"></TopoLevCd></topLvl><geometObjs Name="nhdflowline_clp_Buffer_Merge"><geoObjTyp><GeoObjTypCd Sync="TRUE" value="001"></GeoObjTypCd></geoObjTyp><geoObjCnt Sync="TRUE">0</geoObjCnt></geometObjs></VectSpatRep></spatRepInfo><eainfo><detailed Name="nhdflowline_clp_Buffer_Merge"><enttyp><enttypl Sync="TRUE">nhdflowline_clp_Buffer_Merge</enttypl><enttypt Sync="TRUE">Feature Class</enttypt><enttypc Sync="TRUE">0</enttypc></enttyp><attr><attrlabl Sync="TRUE">FID</attrlabl><attalias Sync="TRUE">FID</attalias><attrtype Sync="TRUE">OID</attrtype><attwidth Sync="TRUE">4</attwidth><atprecis Sync="TRUE">0</atprecis><attscale Sync="TRUE">0</attscale><attrdef Sync="TRUE">Internal feature number.</attrdef><attrdefs Sync="TRUE">ESRI</attrdefs><attrdomv><udom Sync="TRUE">Sequential unique whole numbers that are automatically generated.</udom></attrdomv></attr><attr><attrlabl Sync="TRUE">Shape</attrlabl><attalias Sync="TRUE">Shape</attalias><attrtype Sync="TRUE">Geometry</attrtype><attwidth Sync="TRUE">0</attwidth><atprecis Sync="TRUE">0</atprecis><attscale Sync="TRUE">0</attscale><attrdef Sync="TRUE">Feature geometry.</attrdef><attrdefs Sync="TRUE">ESRI</attrdefs><attrdomv><udom Sync="TRUE">Coordinates defining the features.</udom></attrdomv></attr><attr><attrlabl Sync="TRUE">COMID</attrlabl><attalias Sync="TRUE">COMID</attalias><attrtype Sync="TRUE">Number</attrtype><attwidth Sync="TRUE">9</attwidth></attr><attr><attrlabl Sync="TRUE">FDATE</attrlabl><attalias Sync="TRUE">FDATE</attalias><attrtype Sync="TRUE">Date</attrtype><attwidth Sync="TRUE">8</attwidth></attr><attr><attrlabl Sync="TRUE">RESOLUTION</attrlabl><attalias Sync="TRUE">RESOLUTION</attalias><attrtype Sync="TRUE">String</attrtype><attwidth Sync="TRUE">7</attwidth></attr><attr><attrlabl Sync="TRUE">GNIS_ID</attrlabl><attalias Sync="TRUE">GNIS_ID</attalias><attrtype Sync="TRUE">String</attrtype><attwidth Sync="TRUE">10</attwidth></attr><attr><attrlabl Sync="TRUE">GNIS_NAME</attrlabl><attalias Sync="TRUE">GNIS_NAME</attalias><attrtype Sync="TRUE">String</attrtype><attwidth Sync="TRUE">65</attwidth></attr><attr><attrlabl Sync="TRUE">LENGTHKM</attrlabl><attalias Sync="TRUE">LENGTHKM</attalias><attrtype Sync="TRUE">Number</attrtype><attwidth Sync="TRUE">19</attwidth><atnumdec Sync="TRUE">11</atnumdec></attr><attr><attrlabl Sync="TRUE">REACHCODE</attrlabl><attalias Sync="TRUE">REACHCODE</attalias><attrtype Sync="TRUE">String</attrtype><attwidth Sync="TRUE">14</attwidth></attr><attr><attrlabl Sync="TRUE">FLOWDIR</attrlabl><attalias Sync="TRUE">FLOWDIR</attalias><attrtype Sync="TRUE">String</attrtype><attwidth Sync="TRUE">15</attwidth></attr><attr><attrlabl Sync="TRUE">WBAREACOMI</attrlabl><attalias Sync="TRUE">WBAREACOMI</attalias><attrtype Sync="TRUE">Number</attrtype><attwidth Sync="TRUE">9</attwidth></attr><attr><attrlabl Sync="TRUE">FTYPE</attrlabl><attalias Sync="TRUE">FTYPE</attalias><attrtype Sync="TRUE">String</attrtype><attwidth Sync="TRUE">24</attwidth></attr><attr><attrlabl Sync="TRUE">FCODE</attrlabl><attalias Sync="TRUE">FCODE</attalias><attrtype Sync="TRUE">Number</attrtype><attwidth Sync="TRUE">9</attwidth></attr><attr><attrlabl Sync="TRUE">SHAPE_LENG</attrlabl><attalias Sync="TRUE">SHAPE_LENG</attalias><attrtype Sync="TRUE">Number</attrtype><attwidth Sync="TRUE">19</attwidth><atnumdec Sync="TRUE">11</atnumdec></attr><attr><attrlabl Sync="TRUE">ENABLED</attrlabl><attalias Sync="TRUE">ENABLED</attalias><attrtype Sync="TRUE">String</attrtype><attwidth Sync="TRUE">6</attwidth></attr><attr><attrlabl Sync="TRUE">BUFF_DIST</attrlabl><attalias Sync="TRUE">BUFF_DIST</attalias><attrtype Sync="TRUE">Float</attrtype><attwidth Sync="TRUE">19</attwidth><atnumdec Sync="TRUE">11</atnumdec></attr><attr><attrlabl Sync="TRUE">AREASQKM</attrlabl><attalias Sync="TRUE">AREASQKM</attalias><attrtype Sync="TRUE">Number</attrtype><attwidth Sync="TRUE">19</attwidth><atnumdec Sync="TRUE">11</atnumdec></attr><attr><attrlabl Sync="TRUE">ELEVATION</attrlabl><attalias Sync="TRUE">ELEVATION</attalias><attrtype Sync="TRUE">Number</attrtype><attwidth Sync="TRUE">19</attwidth><atnumdec Sync="TRUE">11</atnumdec></attr><attr><attrlabl Sync="TRUE">SHAPE_AREA</attrlabl><attalias Sync="TRUE">SHAPE_AREA</attalias><attrtype Sync="TRUE">Number</attrtype><attwidth Sync="TRUE">19</attwidth><attrdef Sync="TRUE">Area of feature in internal units squared.</attrdef><attrdefs Sync="TRUE">ESRI</attrdefs><attrdomv><udom Sync="TRUE">Positive real numbers that are automatically generated.</udom></attrdomv><atnumdec Sync="TRUE">11</atnumdec></attr></detailed></eainfo><mdDateSt Sync="TRUE">20091113</mdDateSt><dataqual><lineage><procstep><procdesc Sync="TRUE">Dataset copied.</procdesc><srcused Sync="TRUE"></srcused><procdate Sync="TRUE">20101028</procdate><proctime Sync="TRUE">12595400</proctime></procstep></lineage></dataqual></metadata>
