<?xml version="1.0" encoding="UTF-8"?>
<metadata xml:lang="en"><Esri><CreaDate>20240822</CreaDate><CreaTime>12001900</CreaTime><ArcGISFormat>1.0</ArcGISFormat><SyncOnce>TRUE</SyncOnce><DataProperties><lineage><Process ToolSource="C:\Users\Wei\OneDrive - Florida State University\Work\02-ArcNLET-Py\arcnlet-modify\ArcNLET.pyt\InterfaceGroundwaterFlow" Date="20240822" Time="115846">InterfaceGroundwaterFlow C:\Users\Wei\Downloads\lakeshore_example\2_lakeshore_example_phosphorus\1_Groundwater_flow_module\Inputs\lakeshore.img C:\Users\Wei\Downloads\lakeshore_example\2_lakeshore_example_phosphorus\1_Groundwater_flow_module\Inputs\waterbodies.shp C:\Users\Wei\Downloads\lakeshore_example\2_lakeshore_example_phosphorus\1_Groundwater_flow_module\Inputs\hydr_cond C:\Users\Wei\Downloads\lakeshore_example\2_lakeshore_example_phosphorus\1_Groundwater_flow_module\Inputs\porosity 50 7 false false 0 false 7 1 50 C:\Users\Wei\Downloads\lakeshore_example\2_lakeshore_example_phosphorus\1_Groundwater_flow_module\Inputs\velmag50 C:\Users\Wei\Downloads\lakeshore_example\2_lakeshore_example_phosphorus\1_Groundwater_flow_module\Inputs\veldir50 C:\Users\Wei\Downloads\lakeshore_example\2_lakeshore_example_phosphorus\1_Groundwater_flow_module\Inputs\smth50 C:\Users\Wei\Downloads\lakeshore_example\2_lakeshore_example_phosphorus\1_Groundwater_flow_module\Inputs\grad50</Process></lineage><itemProps><itemLocation><linkage Sync="TRUE">file://\\EOAS2022-GRADX\C$\Users\Wei\Downloads\lakeshore_example\2_lakeshore_example_phosphorus\1_Groundwater_flow_module\Outputs\velmag50</linkage><protocol Sync="TRUE">Local Area Network</protocol></itemLocation></itemProps><copyHistory><copy source="C:\Users\Wei\Downloads\lakeshore_example\2_lakeshore_example_phosphorus\1_Groundwater_flow_module\Inputs\velmag50" dest="\\EOAS2022-GRADX\C$\Users\Wei\Downloads\lakeshore_example\2_lakeshore_example_phosphorus\1_Groundwater_flow_module\Outputs\velmag50" date="20240822" time="12001900"></copy></copyHistory></DataProperties></Esri></metadata>
