<?xml version="1.0" encoding="UTF-8"?>
<metadata xml:lang="en"><Esri><CreaDate>20241017</CreaDate><CreaTime>17151900</CreaTime><ArcGISFormat>1.0</ArcGISFormat><SyncOnce>TRUE</SyncOnce><DataProperties><lineage><Process ToolSource="C:\Users\Wei\OneDrive - Florida State University\Work\02-ArcNLET-Py\arcnlet-modify\ArcNLET.pyt\InterfaceLoadEstimation" Date="20240828" Time="091830">InterfaceLoadEstimation "Nitrogen and Phosphorus" true 1 C:\Users\Wei\Downloads\lakeshore_example\2_lakeshore_example_phosphorus\5_Load_estimation_module\Inputs\no3plumes_info.shp C:\Users\Wei\Downloads\lakeshore_example\2_lakeshore_example_phosphorus\5_Load_estimation_module\Inputs\nh4plumes_info.shp C:\Users\Wei\Downloads\lakeshore_example\2_lakeshore_example_phosphorus\5_Load_estimation_module\Inputs\po4plumes_info.shp C:\Users\Wei\Downloads\lakeshore_example\2_lakeshore_example_phosphorus\5_Load_estimation_module\Inputs\no3plumes_info.csv C:\Users\Wei\Downloads\lakeshore_example\2_lakeshore_example_phosphorus\5_Load_estimation_module\Inputs\nh4plumes_info.csv C:\Users\Wei\Downloads\lakeshore_example\2_lakeshore_example_phosphorus\5_Load_estimation_module\Inputs\po4plumes_info.csv</Process></lineage><itemProps><itemLocation><linkage Sync="TRUE">file://\\EOAS2022-GRADX\C$\Users\Wei\Downloads\lakeshore_example11\2_lakeshore_example_phosphorus\5_Load_estimation_module\Outputs\no3plumes_info.csv</linkage><protocol Sync="TRUE">Local Area Network</protocol></itemLocation></itemProps><copyHistory><copy source="C:\Users\Wei\Downloads\lakeshore_example11\2_lakeshore_example_phosphorus\3_VZMOD_module\Inputs\no3plumes_info.csv" dest="\\EOAS2022-GRADX\C$\Users\Wei\Downloads\lakeshore_example11\2_lakeshore_example_phosphorus\5_Load_estimation_module\Outputs\no3plumes_info.csv" date="20241017" time="17151900"></copy></copyHistory></DataProperties></Esri></metadata>
