<?xml version="1.0" encoding="UTF-8"?>
<metadata xml:lang="en"><Esri><CreaDate>20241217</CreaDate><CreaTime>22344100</CreaTime><ArcGISFormat>1.0</ArcGISFormat><SyncOnce>TRUE</SyncOnce><DataProperties><lineage><Process ToolSource="C:\ArcNLET\ArcNLET-Py-main\ArcNLET-Py-main\ArcNLET\ArcNLET.pyt\InterfaceVZMOD" Date="20241217" Time="223441">InterfaceVZMOD "Nitrogen and Phosphorus" "Multiple OSTDS" false false true OSTDS_Points_GrosecloseJones # # # # soiltype "Loamy Sand" 1.79 0.035 105.12 0.049 0.39 1.747 0.162 25 0.347 2.267 1.104 0 0 0.154 0.665 0.809 0.354 26 0.347 2.865 0 0.35 4.32 1.5 25.5 0.000625 Langmuir 0.2 700 15.1 40 0.04 9.5 150 0 C:\ArcNLET\JonesGrosecloseDataGitHub_20241217\3VZMod\Inputs\OSTDS.shp C:\ArcNLET\JonesGrosecloseDataGitHub_20241217\3VZMod\Outputs\Results.txt</Process></lineage></DataProperties></Esri></metadata>
