<?xml version="1.0" encoding="UTF-8"?>
<metadata xml:lang="en"><Esri><CreaDate>20240425</CreaDate><CreaTime>11173800</CreaTime><ArcGISFormat>1.0</ArcGISFormat><SyncOnce>TRUE</SyncOnce><DataProperties><lineage><Process ToolSource="C:\Users\qishu\Downloads\ArcNLET-Py-main\ArcNLET\ArcNLET.pyt\InterfaceLoadEstimation" Date="20240425" Time="111738">InterfaceLoadEstimation false 1 E:\lakeshore_example\1_lakeshore_example_simple\5_Load_estimation_module\Inputs\no3plumes_info.shp # E:\lakeshore_example\1_lakeshore_example_simple\5_Load_estimation_module\Inputs\no3plumes_info.csv #</Process></lineage></DataProperties></Esri></metadata>
