<?xml version="1.0" encoding="UTF-8"?>
<metadata xml:lang="en"><Esri><CreaDate>20250225</CreaDate><CreaTime>17353300</CreaTime><ArcGISFormat>1.0</ArcGISFormat><SyncOnce>TRUE</SyncOnce><DataProperties><lineage><Process ToolSource="c:\program files\arcgis\pro\Resources\ArcToolbox\toolboxes\Spatial Analyst Tools.tbx\ExtractMultiValuesToPoints" Date="20250225" Time="173425">ExtractMultiValuesToPoints C:\Users\Wei\Downloads\lakeshore_example\2_lakeshore_example_ArcNLET-Py_NO3+NH4\3_VZMOD_module\Inputs\OSTDS.shp "C:\Users\Wei\Downloads\lakeshore_example\2_lakeshore_example_ArcNLET-Py_NO3+NH4\3_VZMOD_module\Inputs\soiltype soiltype" NONE</Process><Process ToolSource="c:\program files\arcgis\pro\Resources\ArcToolbox\toolboxes\Data Management Tools.tbx\AddField" Date="20250225" Time="173427">AddField C:\Users\Wei\Downloads\lakeshore_example\2_lakeshore_example_ArcNLET-Py_NO3+NH4\3_VZMOD_module\Inputs\OSTDS.shp no3_conc DOUBLE # # # # NULLABLE NON_REQUIRED #</Process><Process ToolSource="c:\program files\arcgis\pro\Resources\ArcToolbox\toolboxes\Data Management Tools.tbx\AddField" Date="20250225" Time="173427">AddField C:\Users\Wei\Downloads\lakeshore_example\2_lakeshore_example_ArcNLET-Py_NO3+NH4\3_VZMOD_module\Inputs\OSTDS.shp nh4_conc DOUBLE # # # # NULLABLE NON_REQUIRED #</Process><Process ToolSource="c:\program files\arcgis\pro\Resources\ArcToolbox\toolboxes\Data Management Tools.tbx\AddField" Date="20250225" Time="173427">AddField C:\Users\Wei\Downloads\lakeshore_example\2_lakeshore_example_ArcNLET-Py_NO3+NH4\3_VZMOD_module\Inputs\OSTDS.shp Depth DOUBLE # # # # NULLABLE NON_REQUIRED #</Process><Process ToolSource="c:\program files\arcgis\pro\Resources\ArcToolbox\toolboxes\Data Management Tools.tbx\DeleteField" Date="20250225" Time="173427">DeleteField C:\Users\Wei\Downloads\lakeshore_example\2_lakeshore_example_ArcNLET-Py_NO3+NH4\3_VZMOD_module\Inputs\OSTDS.shp hydro_con DELETE_FIELDS</Process><Process ToolSource="c:\program files\arcgis\pro\Resources\ArcToolbox\toolboxes\Data Management Tools.tbx\DeleteField" Date="20250225" Time="173427">DeleteField C:\Users\Wei\Downloads\lakeshore_example\2_lakeshore_example_ArcNLET-Py_NO3+NH4\3_VZMOD_module\Inputs\OSTDS.shp porosity DELETE_FIELDS</Process><Process ToolSource="c:\program files\arcgis\pro\Resources\ArcToolbox\toolboxes\Data Management Tools.tbx\DeleteField" Date="20250225" Time="173427">DeleteField C:\Users\Wei\Downloads\lakeshore_example\2_lakeshore_example_ArcNLET-Py_NO3+NH4\3_VZMOD_module\Inputs\OSTDS.shp soiltype DELETE_FIELDS</Process><Process ToolSource="c:\program files\arcgis\pro\Resources\ArcToolbox\toolboxes\Data Management Tools.tbx\DeleteField" Date="20250225" Time="173427">DeleteField C:\Users\Wei\Downloads\lakeshore_example\2_lakeshore_example_ArcNLET-Py_NO3+NH4\3_VZMOD_module\Inputs\OSTDS.shp Depth DELETE_FIELDS</Process><Process ToolSource="C:\Users\Wei\OneDrive - Florida State University\Work\02-ArcNLET-Py\ArcNLET\ArcNLET-Py\ArcNLET-Py-Source-Code\ArcNLET.pyt\InterfaceVZMOD" Date="20250225" Time="173427">InterfaceVZMOD Nitrogen "Multiple OSTDS" true false true PotentialSepticTankLocations hydr_cond porosity # # soiltype Clay 2 0.015 14.75 0.098 0.459 1.26 2.9 25 0.347 2.267 1.104 0 0 0.154 0.665 0.809 0.08 26 0.347 3.774 0 1.46 4.32 1.5 25.5 0.002 Linear 0.2 873 15.1 60 1 10 150 0 C:\Users\Wei\Downloads\lakeshore_example\2_lakeshore_example_ArcNLET-Py_NO3+NH4\3_VZMOD_module\Inputs\OSTDS.shp C:\Users\Wei\Downloads\lakeshore_example\2_lakeshore_example_ArcNLET-Py_NO3+NH4\3_VZMOD_module\Inputs\Results.txt</Process></lineage><itemProps><itemLocation><linkage Sync="TRUE">file://\\EOAS2022-GRADX\C$\Users\Wei\Downloads\lakeshore_example\2_lakeshore_example_ArcNLET-Py_NO3+NH4\3_VZMOD_module\Outputs\OSTDS</linkage><protocol Sync="TRUE">Local Area Network</protocol></itemLocation></itemProps><copyHistory><copy source="C:\Users\Wei\Downloads\lakeshore_example\2_lakeshore_example_ArcNLET-Py_NO3+NH4\3_VZMOD_module\Inputs\OSTDS" dest="\\EOAS2022-GRADX\C$\Users\Wei\Downloads\lakeshore_example\2_lakeshore_example_ArcNLET-Py_NO3+NH4\3_VZMOD_module\Outputs\OSTDS" date="20250225" time="17353300"></copy></copyHistory></DataProperties></Esri></metadata>
