<?xml version="1.0" encoding="UTF-8"?>
<metadata xml:lang="en"><Esri><CreaDate>20241017</CreaDate><CreaTime>11011300</CreaTime><ArcGISFormat>1.0</ArcGISFormat><SyncOnce>TRUE</SyncOnce><DataProperties><itemProps><itemLocation><linkage Sync="TRUE">file://\\EOAS2022-GRADX\C$\Users\Wei\Downloads\lakeshore_example11\0_lakeshore_example_simple\2_Transport_module\Outputs\no3plumes</linkage><protocol Sync="TRUE">Local Area Network</protocol></itemLocation></itemProps><copyHistory><copy source="C:\Users\Wei\Downloads\lakeshore_example11\0_lakeshore_example_simple\2_Transport_module\Inputs\no3plumes" dest="\\EOAS2022-GRADX\C$\Users\Wei\Downloads\lakeshore_example11\0_lakeshore_example_simple\2_Transport_module\Outputs\no3plumes" date="20241017" time="11011300"></copy></copyHistory></DataProperties></Esri></metadata>
