<?xml version="1.0" encoding="UTF-8"?>
<metadata xml:lang="en"><Esri><CreaDate>20240425</CreaDate><CreaTime>11040400</CreaTime><ArcGISFormat>1.0</ArcGISFormat><SyncOnce>TRUE</SyncOnce><DataProperties><lineage><Process ToolSource="C:\Users\qishu\Downloads\ArcNLET-Py-main\ArcNLET\ArcNLET.pyt\InterfaceGroundwaterFlow" Date="20240425" Time="110213">InterfaceGroundwaterFlow E:\lakeshore_example\1_lakeshore_example_simple\1_Groundwater_flow_module\Inputs\lakeshore.img E:\lakeshore_example\1_lakeshore_example_simple\1_Groundwater_flow_module\Inputs\waterbodies.shp E:\lakeshore_example\1_lakeshore_example_simple\1_Groundwater_flow_module\Inputs\hydr_cond.img E:\lakeshore_example\1_lakeshore_example_simple\1_Groundwater_flow_module\Inputs\porosity.img 50 7 false false 0 false 7 1 50 E:\lakeshore_example\1_lakeshore_example_simple\1_Groundwater_flow_module\Inputs\velmag50 E:\lakeshore_example\1_lakeshore_example_simple\1_Groundwater_flow_module\Inputs\veldir50 # #</Process></lineage><itemProps><itemLocation><linkage Sync="TRUE">file://\\LAPTOP-M16-M\E$\lakeshore_example\1_lakeshore_example_simple\2_Particle_tracking_module\Inputs\velmag50</linkage><protocol Sync="TRUE">Local Area Network</protocol></itemLocation></itemProps><copyHistory><copy source="E:\lakeshore_example\1_lakeshore_example_simple\1_Groundwater_flow_module\Outputs\velmag50" dest="\\LAPTOP-M16-M\E$\lakeshore_example\1_lakeshore_example_simple\2_Particle_tracking_module\Inputs\velmag50" date="20240425" time="11040400"></copy></copyHistory></DataProperties></Esri></metadata>
