<?xml version="1.0" encoding="UTF-8"?>
<metadata xml:lang="en"><Esri><CreaDate>20240112</CreaDate><CreaTime>10011800</CreaTime><ArcGISFormat>1.0</ArcGISFormat><SyncOnce>TRUE</SyncOnce><DataProperties><lineage><Process ToolSource="c:\program files\arcgis\pro\Resources\ArcToolbox\toolboxes\Data Management Tools.tbx\CreateFeatureclass" Date="20240112" Time="100116">CreateFeatureclass "C:\Users\Wei\OneDrive - Florida State University\Desktop\lakeshore_example\Preprocessingmodule" spatial.shp Polygon # No No "GEOGCS["GCS_WGS_1984",DATUM["D_WGS_1984",SPHEROID["WGS_1984",6378137.0,298.257223563]],PRIMEM["Greenwich",0.0],UNIT["Degree",0.0174532925199433]];-400 -400 1000000000;-100000 10000;-100000 10000;8.98315284119521E-09;0.001;0.001;IsHighPrecision" # 0 0 0 # "Same as template"</Process><Process ToolSource="c:\program files\arcgis\pro\Resources\ArcToolbox\toolboxes\Data Management Tools.tbx\AddField" Date="20240112" Time="100116">AddField "C:\Users\Wei\OneDrive - Florida State University\Desktop\lakeshore_example\Preprocessingmodule\spatial.shp" areasymbol Text # # # # NULLABLE NON_REQUIRED #</Process><Process ToolSource="c:\program files\arcgis\pro\Resources\ArcToolbox\toolboxes\Data Management Tools.tbx\AddField" Date="20240112" Time="100116">AddField "C:\Users\Wei\OneDrive - Florida State University\Desktop\lakeshore_example\Preprocessingmodule\spatial.shp" areaname Text # # # # NULLABLE NON_REQUIRED #</Process><Process ToolSource="c:\program files\arcgis\pro\Resources\ArcToolbox\toolboxes\Data Management Tools.tbx\AddField" Date="20240112" Time="100116">AddField "C:\Users\Wei\OneDrive - Florida State University\Desktop\lakeshore_example\Preprocessingmodule\spatial.shp" muname Text # # # # NULLABLE NON_REQUIRED #</Process><Process ToolSource="c:\program files\arcgis\pro\Resources\ArcToolbox\toolboxes\Data Management Tools.tbx\AddField" Date="20240112" Time="100116">AddField "C:\Users\Wei\OneDrive - Florida State University\Desktop\lakeshore_example\Preprocessingmodule\spatial.shp" musym Text # # # # NULLABLE NON_REQUIRED #</Process><Process ToolSource="c:\program files\arcgis\pro\Resources\ArcToolbox\toolboxes\Data Management Tools.tbx\AddField" Date="20240112" Time="100116">AddField "C:\Users\Wei\OneDrive - Florida State University\Desktop\lakeshore_example\Preprocessingmodule\spatial.shp" mukey Text # # # # NULLABLE NON_REQUIRED #</Process><Process ToolSource="c:\program files\arcgis\pro\Resources\ArcToolbox\toolboxes\Data Management Tools.tbx\AddField" Date="20240112" Time="100116">AddField "C:\Users\Wei\OneDrive - Florida State University\Desktop\lakeshore_example\Preprocessingmodule\spatial.shp" nat_musym Text # # # # NULLABLE NON_REQUIRED #</Process><Process ToolSource="c:\program files\arcgis\pro\Resources\ArcToolbox\toolboxes\Data Management Tools.tbx\AddField" Date="20240112" Time="100116">AddField "C:\Users\Wei\OneDrive - Florida State University\Desktop\lakeshore_example\Preprocessingmodule\spatial.shp" ksat_l "Double (64-bit floating point)" # # # # NULLABLE NON_REQUIRED #</Process><Process ToolSource="c:\program files\arcgis\pro\Resources\ArcToolbox\toolboxes\Data Management Tools.tbx\AddField" Date="20240112" Time="100117">AddField "C:\Users\Wei\OneDrive - Florida State University\Desktop\lakeshore_example\Preprocessingmodule\spatial.shp" ksat_r "Double (64-bit floating point)" # # # # NULLABLE NON_REQUIRED #</Process><Process ToolSource="c:\program files\arcgis\pro\Resources\ArcToolbox\toolboxes\Data Management Tools.tbx\AddField" Date="20240112" Time="100117">AddField "C:\Users\Wei\OneDrive - Florida State University\Desktop\lakeshore_example\Preprocessingmodule\spatial.shp" ksat_h "Double (64-bit floating point)" # # # # NULLABLE NON_REQUIRED #</Process><Process ToolSource="c:\program files\arcgis\pro\Resources\ArcToolbox\toolboxes\Data Management Tools.tbx\AddField" Date="20240112" Time="100117">AddField "C:\Users\Wei\OneDrive - Florida State University\Desktop\lakeshore_example\Preprocessingmodule\spatial.shp" wsat_l "Double (64-bit floating point)" # # # # NULLABLE NON_REQUIRED #</Process><Process ToolSource="c:\program files\arcgis\pro\Resources\ArcToolbox\toolboxes\Data Management Tools.tbx\AddField" Date="20240112" Time="100117">AddField "C:\Users\Wei\OneDrive - Florida State University\Desktop\lakeshore_example\Preprocessingmodule\spatial.shp" wsat_r "Double (64-bit floating point)" # # # # NULLABLE NON_REQUIRED #</Process><Process ToolSource="c:\program files\arcgis\pro\Resources\ArcToolbox\toolboxes\Data Management Tools.tbx\AddField" Date="20240112" Time="100117">AddField "C:\Users\Wei\OneDrive - Florida State University\Desktop\lakeshore_example\Preprocessingmodule\spatial.shp" wsat_h "Double (64-bit floating point)" # # # # NULLABLE NON_REQUIRED #</Process><Process ToolSource="c:\program files\arcgis\pro\Resources\ArcToolbox\toolboxes\Data Management Tools.tbx\AddField" Date="20240112" Time="100117">AddField "C:\Users\Wei\OneDrive - Florida State University\Desktop\lakeshore_example\Preprocessingmodule\spatial.shp" dbo_l "Double (64-bit floating point)" # # # # NULLABLE NON_REQUIRED #</Process><Process ToolSource="c:\program files\arcgis\pro\Resources\ArcToolbox\toolboxes\Data Management Tools.tbx\AddField" Date="20240112" Time="100117">AddField "C:\Users\Wei\OneDrive - Florida State University\Desktop\lakeshore_example\Preprocessingmodule\spatial.shp" dbo_r "Double (64-bit floating point)" # # # # NULLABLE NON_REQUIRED #</Process><Process ToolSource="c:\program files\arcgis\pro\Resources\ArcToolbox\toolboxes\Data Management Tools.tbx\AddField" Date="20240112" Time="100117">AddField "C:\Users\Wei\OneDrive - Florida State University\Desktop\lakeshore_example\Preprocessingmodule\spatial.shp" dbo_h "Double (64-bit floating point)" # # # # NULLABLE NON_REQUIRED #</Process><Process ToolSource="c:\program files\arcgis\pro\Resources\ArcToolbox\toolboxes\Data Management Tools.tbx\AddField" Date="20240112" Time="100117">AddField "C:\Users\Wei\OneDrive - Florida State University\Desktop\lakeshore_example\Preprocessingmodule\spatial.shp" part_d "Double (64-bit floating point)" # # # # NULLABLE NON_REQUIRED #</Process><Process ToolSource="c:\program files\arcgis\pro\Resources\ArcToolbox\toolboxes\Data Management Tools.tbx\AddField" Date="20240112" Time="100117">AddField "C:\Users\Wei\OneDrive - Florida State University\Desktop\lakeshore_example\Preprocessingmodule\spatial.shp" clay_r "Double (64-bit floating point)" # # # # NULLABLE NON_REQUIRED #</Process><Process ToolSource="c:\program files\arcgis\pro\Resources\ArcToolbox\toolboxes\Data Management Tools.tbx\AddField" Date="20240112" Time="100117">AddField "C:\Users\Wei\OneDrive - Florida State University\Desktop\lakeshore_example\Preprocessingmodule\spatial.shp" silt_r "Double (64-bit floating point)" # # # # NULLABLE NON_REQUIRED #</Process><Process ToolSource="c:\program files\arcgis\pro\Resources\ArcToolbox\toolboxes\Data Management Tools.tbx\AddField" Date="20240112" Time="100117">AddField "C:\Users\Wei\OneDrive - Florida State University\Desktop\lakeshore_example\Preprocessingmodule\spatial.shp" sand_r "Double (64-bit floating point)" # # # # NULLABLE NON_REQUIRED #</Process><Process ToolSource="c:\program files\arcgis\pro\Resources\ArcToolbox\toolboxes\Data Management Tools.tbx\AddField" Date="20240112" Time="100117">AddField "C:\Users\Wei\OneDrive - Florida State University\Desktop\lakeshore_example\Preprocessingmodule\spatial.shp" poro "Double (64-bit floating point)" # # # # NULLABLE NON_REQUIRED #</Process><Process ToolSource="c:\program files\arcgis\pro\Resources\ArcToolbox\toolboxes\Data Management Tools.tbx\AddField" Date="20240112" Time="100117">AddField "C:\Users\Wei\OneDrive - Florida State University\Desktop\lakeshore_example\Preprocessingmodule\spatial.shp" texture Text # # # # NULLABLE NON_REQUIRED #</Process><Process ToolSource="c:\program files\arcgis\pro\Resources\ArcToolbox\toolboxes\Data Management Tools.tbx\AddField" Date="20240112" Time="100117">AddField "C:\Users\Wei\OneDrive - Florida State University\Desktop\lakeshore_example\Preprocessingmodule\spatial.shp" soiltype "Double (64-bit floating point)" # # # # NULLABLE NON_REQUIRED #</Process><Process ToolSource="c:\program files\arcgis\pro\Resources\ArcToolbox\toolboxes\Data Management Tools.tbx\Project" Date="20240112" Time="100118">Project "C:\Users\Wei\OneDrive - Florida State University\Desktop\lakeshore_example\Preprocessingmodule\spatial.shp" "C:\Users\Wei\OneDrive - Florida State University\Desktop\lakeshore_example\Preprocessingmodule\spat" PROJCS["WGS_1984_UTM_Zone_17N",GEOGCS["GCS_WGS_1984",DATUM["D_WGS_1984",SPHEROID["WGS_1984",6378137.0,298.257223563]],PRIMEM["Greenwich",0.0],UNIT["Degree",0.0174532925199433]],PROJECTION["Transverse_Mercator"],PARAMETER["False_Easting",500000.0],PARAMETER["False_Northing",0.0],PARAMETER["Central_Meridian",-81.0],PARAMETER["Scale_Factor",0.9996],PARAMETER["Latitude_Of_Origin",0.0],UNIT["Meter",1.0]] # GEOGCS["GCS_WGS_1984",DATUM["D_WGS_1984",SPHEROID["WGS_1984",6378137.0,298.257223563]],PRIMEM["Greenwich",0.0],UNIT["Degree",0.0174532925199433]] NO_PRESERVE_SHAPE # NO_VERTICAL</Process><Process ToolSource="C:\Users\Wei\OneDrive - Florida State University\Work\02-ArcNLET-Py\ArcNLET\ArcNLET-Py\ArcNLET\ArcNLET.pyt\InterfacePreprocessing" Date="20240112" Time="100125">InterfacePreprocessing "C:\Users\Wei\OneDrive - Florida State University\Desktop\lakeshore_example\Preprocessingmodule\study_area.shp" PROJCS["WGS_1984_UTM_Zone_17N",GEOGCS["GCS_WGS_1984",DATUM["D_WGS_1984",SPHEROID["WGS_1984",6378137.0,298.257223563]],PRIMEM["Greenwich",0.0],UNIT["Degree",0.0174532925199433]],PROJECTION["Transverse_Mercator"],PARAMETER["False_Easting",500000.0],PARAMETER["False_Northing",0.0],PARAMETER["Central_Meridian",-81.0],PARAMETER["Scale_Factor",0.9996],PARAMETER["Latitude_Of_Origin",0.0],UNIT["Meter",1.0]] 0 200 "Harmonic mean for Ks" 10 "C:\Users\Wei\OneDrive - Florida State University\Desktop\lakeshore_example\Preprocessingmodule\hydr" "C:\Users\Wei\OneDrive - Florida State University\Desktop\lakeshore_example\Preprocessingmodule\poro" "C:\Users\Wei\OneDrive - Florida State University\Desktop\lakeshore_example\Preprocessingmodule\texture" "C:\Users\Wei\OneDrive - Florida State University\Desktop\lakeshore_example\Preprocessingmodule\spat"</Process></lineage></DataProperties></Esri></metadata>
