<?xml version="1.0" encoding="UTF-8"?>
<metadata xml:lang="en"><Esri><CreaDate>20240112</CreaDate><CreaTime>09030200</CreaTime><ArcGISFormat>1.0</ArcGISFormat><SyncOnce>TRUE</SyncOnce><DataProperties><lineage><Process ToolSource="c:\program files\arcgis\pro\Resources\ArcToolbox\toolboxes\Data Management Tools.tbx\Rename" Date="20231204" Time="093316">Rename C:\Users\Wei\Downloads\test_pro\test_pro\file1.shp C:\Users\Wei\Downloads\test_pro\test_pro\study_area.shp ShapeFile</Process><Process ToolSource="c:\program files\arcgis\pro\Resources\ArcToolbox\toolboxes\Data Management Tools.tbx\Copy" Date="20231204" Time="102419">Copy C:\Users\Wei\Downloads\test_pro\test_pro\study_area.shp C:\Users\Wei\Downloads\test_pro\test_pro\LakeshoreExampleOutputs_2023_09_28\study_area.shp Shapefile #</Process></lineage><itemProps><itemLocation><linkage Sync="TRUE">file://\\EOAS2022-GRADX\C$\Users\Wei\Downloads\lakeshore_example (1)\lakeshore_example\Preprocessingmodule\study_area</linkage><protocol Sync="TRUE">Local Area Network</protocol></itemLocation></itemProps><copyHistory><copy source="C:\Users\Wei\Downloads\lakeshore_example (1)\lakeshore_example\study_area" dest="\\EOAS2022-GRADX\C$\Users\Wei\Downloads\lakeshore_example (1)\lakeshore_example\Preprocessingmodule\study_area" date="20240112" time="09054700"></copy></copyHistory></DataProperties></Esri></metadata>
