<?xml version="1.0" encoding="UTF-8"?>
<metadata xml:lang="en"><Esri><CreaDate>20240827</CreaDate><CreaTime>17035800</CreaTime><ArcGISFormat>1.0</ArcGISFormat><SyncOnce>TRUE</SyncOnce><DataProperties><lineage><Process ToolSource="C:\Users\Wei\OneDrive - Florida State University\Work\02-ArcNLET-Py\arcnlet-modify\ArcNLET.pyt\InterfaceVZMOD" Date="20240827" Time="170358">InterfaceVZMOD Nitrogen "Multiple OSTDS" true false true PotentialSepticTankLocations hydr_cond porosity # # soiltype Clay 2 0.015 14.75 0.098 0.459 1.26 2.9 25 0.347 2.267 1.104 0 0 0.154 0.665 0.809 0.08 26 0.347 3.774 0 1.46 4.32 1.5 25.5 0.0002 Linear 0.2 237 15.1 60 1 10 150 0 C:\Users\Wei\Downloads\lakeshore_example\1_lakeshore_example_complex\3_VZMOD_module\results.txt</Process></lineage></DataProperties></Esri></metadata>
