<?xml version="1.0" encoding="UTF-8"?>
<metadata xml:lang="en"><Esri><CreaDate>20240425</CreaDate><CreaTime>16524900</CreaTime><ArcGISFormat>1.0</ArcGISFormat><SyncOnce>TRUE</SyncOnce><DataProperties><itemProps><itemLocation><linkage Sync="TRUE">file://\\LAPTOP-M16-M\E$\lakeshore_example\2_lakeshore_example_complex\5_Load_estimation_module\Inputs\nh4plumes_info</linkage><protocol Sync="TRUE">Local Area Network</protocol></itemLocation></itemProps><copyHistory><copy source="E:\lakeshore_example\2_lakeshore_example_complex\4_Transport_module\Outputs\nh4plumes_info" dest="\\LAPTOP-M16-M\E$\lakeshore_example\2_lakeshore_example_complex\5_Load_estimation_module\Inputs\nh4plumes_info" date="20240425" time="16524900"></copy></copyHistory></DataProperties></Esri></metadata>
