<?xml version="1.0" encoding="UTF-8"?>
<metadata xml:lang="en"><Esri><CreaDate>20241017</CreaDate><CreaTime>15485800</CreaTime><ArcGISFormat>1.0</ArcGISFormat><SyncOnce>TRUE</SyncOnce><DataProperties><lineage><Process ToolSource="C:\Users\Wei\OneDrive - Florida State University\Work\02-ArcNLET-Py\arcnlet1\ArcNLET.pyt\InterfaceLoadEstimation" Date="20241017" Time="154858">InterfaceLoadEstimation Nitrogen true 1 C:\Users\Wei\Downloads\lakeshore_example11\1_lakeshore_example_complex\5_Load_estimation_module\Inputs\demono3_info.shp C:\Users\Wei\Downloads\lakeshore_example11\1_lakeshore_example_complex\5_Load_estimation_module\Inputs\demonh4_info.shp # C:\Users\Wei\Downloads\lakeshore_example11\1_lakeshore_example_complex\5_Load_estimation_module\Inputs\demono3_info.csv C:\Users\Wei\Downloads\lakeshore_example11\1_lakeshore_example_complex\5_Load_estimation_module\Inputs\demonh4_info.csv #</Process></lineage></DataProperties></Esri></metadata>
