<?xml version="1.0" encoding="UTF-8"?>
<metadata xml:lang="en"><Esri><CreaDate>20241017</CreaDate><CreaTime>11013900</CreaTime><ArcGISFormat>1.0</ArcGISFormat><SyncOnce>TRUE</SyncOnce><DataProperties><itemProps><itemLocation><linkage Sync="TRUE">file://\\EOAS2022-GRADX\C$\Users\Wei\Downloads\lakeshore_example11\0_lakeshore_example_simple\3_Load_estimation_module\Inputs\no3plumes_info</linkage><protocol Sync="TRUE">Local Area Network</protocol></itemLocation></itemProps><copyHistory><copy source="C:\Users\Wei\Downloads\lakeshore_example11\0_lakeshore_example_simple\2_Transport_module\Inputs\no3plumes_info" dest="\\EOAS2022-GRADX\C$\Users\Wei\Downloads\lakeshore_example11\0_lakeshore_example_simple\3_Load_estimation_module\Inputs\no3plumes_info" date="20241017" time="11013900"></copy></copyHistory></DataProperties></Esri></metadata>
