<?xml version="1.0" encoding="UTF-8"?>
<metadata xml:lang="en"><Esri><CreaDate>20240425</CreaDate><CreaTime>11054000</CreaTime><ArcGISFormat>1.0</ArcGISFormat><SyncOnce>TRUE</SyncOnce><DataProperties><lineage><Process ToolSource="c:\program files\arcgis\pro\Resources\ArcToolbox\toolboxes\Data Management Tools.tbx\CreateFeatureclass" Date="20240425" Time="110524">CreateFeatureclass E:\lakeshore_example\1_lakeshore_example_simple\2_Particle_tracking_module\Inputs paths50 Polyline # No No "PROJCS["NAD_1983_UTM_Zone_17N",GEOGCS["GCS_North_American_1983",DATUM["D_North_American_1983",SPHEROID["GRS_1980",6378137.0,298.257222101]],PRIMEM["Greenwich",0.0],UNIT["Degree",0.0174532925199433]],PROJECTION["Transverse_Mercator"],PARAMETER["False_Easting",500000.0],PARAMETER["False_Northing",0.0],PARAMETER["Central_Meridian",-81.0],PARAMETER["Scale_Factor",0.9996],PARAMETER["Latitude_Of_Origin",0.0],UNIT["Meter",1.0]];-5120900 -9998100 450445547.391054;-100000 10000;-100000 10000;0.001;0.001;0.001;IsHighPrecision" # 0 0 0 # "Same as template"</Process><Process ToolSource="c:\program files\arcgis\pro\Resources\ArcToolbox\toolboxes\Data Management Tools.tbx\AddField" Date="20240425" Time="110524">AddField E:\lakeshore_example\1_lakeshore_example_simple\2_Particle_tracking_module\Inputs\paths50 PathID "Long (32-bit integer)" # # # # NULLABLE NON_REQUIRED #</Process><Process ToolSource="c:\program files\arcgis\pro\Resources\ArcToolbox\toolboxes\Data Management Tools.tbx\AddField" Date="20240425" Time="110524">AddField E:\lakeshore_example\1_lakeshore_example_simple\2_Particle_tracking_module\Inputs\paths50 SegID "Long (32-bit integer)" # # # # NULLABLE NON_REQUIRED #</Process><Process ToolSource="c:\program files\arcgis\pro\Resources\ArcToolbox\toolboxes\Data Management Tools.tbx\AddField" Date="20240425" Time="110524">AddField E:\lakeshore_example\1_lakeshore_example_simple\2_Particle_tracking_module\Inputs\paths50 TotDist "Double (64-bit floating point)" # # # # NULLABLE NON_REQUIRED #</Process><Process ToolSource="c:\program files\arcgis\pro\Resources\ArcToolbox\toolboxes\Data Management Tools.tbx\AddField" Date="20240425" Time="110524">AddField E:\lakeshore_example\1_lakeshore_example_simple\2_Particle_tracking_module\Inputs\paths50 TotTime "Double (64-bit floating point)" # # # # NULLABLE NON_REQUIRED #</Process><Process ToolSource="c:\program files\arcgis\pro\Resources\ArcToolbox\toolboxes\Data Management Tools.tbx\AddField" Date="20240425" Time="110524">AddField E:\lakeshore_example\1_lakeshore_example_simple\2_Particle_tracking_module\Inputs\paths50 SegPrsity "Double (64-bit floating point)" # # # # NULLABLE NON_REQUIRED #</Process><Process ToolSource="c:\program files\arcgis\pro\Resources\ArcToolbox\toolboxes\Data Management Tools.tbx\AddField" Date="20240425" Time="110524">AddField E:\lakeshore_example\1_lakeshore_example_simple\2_Particle_tracking_module\Inputs\paths50 SegVel "Double (64-bit floating point)" # # # # NULLABLE NON_REQUIRED #</Process><Process ToolSource="c:\program files\arcgis\pro\Resources\ArcToolbox\toolboxes\Data Management Tools.tbx\AddField" Date="20240425" Time="110524">AddField E:\lakeshore_example\1_lakeshore_example_simple\2_Particle_tracking_module\Inputs\paths50 DirAngle "Double (64-bit floating point)" # # # # NULLABLE NON_REQUIRED #</Process><Process ToolSource="c:\program files\arcgis\pro\Resources\ArcToolbox\toolboxes\Data Management Tools.tbx\AddField" Date="20240425" Time="110524">AddField E:\lakeshore_example\1_lakeshore_example_simple\2_Particle_tracking_module\Inputs\paths50 WBId "Long (32-bit integer)" # # # # NULLABLE NON_REQUIRED #</Process><Process ToolSource="c:\program files\arcgis\pro\Resources\ArcToolbox\toolboxes\Data Management Tools.tbx\AddField" Date="20240425" Time="110525">AddField E:\lakeshore_example\1_lakeshore_example_simple\2_Particle_tracking_module\Inputs\paths50 PathWBId "Long (32-bit integer)" # # # # NULLABLE NON_REQUIRED #</Process><Process ToolSource="C:\Users\qishu\Downloads\ArcNLET-Py-main\ArcNLET\ArcNLET.pyt\InterfaceParticleTracking" Date="20240425" Time="110527">InterfaceParticleTracking E:\lakeshore_example\1_lakeshore_example_simple\2_Particle_tracking_module\Inputs\PotentialSepticTankLocations.shp E:\lakeshore_example\1_lakeshore_example_simple\2_Particle_tracking_module\Inputs\waterbodies.shp E:\lakeshore_example\1_lakeshore_example_simple\2_Particle_tracking_module\Inputs\velmag50 E:\lakeshore_example\1_lakeshore_example_simple\2_Particle_tracking_module\Inputs\veldir50 E:\lakeshore_example\1_lakeshore_example_simple\2_Particle_tracking_module\Inputs\porosity.img false 10 5 1000 E:\lakeshore_example\1_lakeshore_example_simple\2_Particle_tracking_module\Inputs\paths50</Process></lineage><itemProps><itemLocation><linkage Sync="TRUE">file://\\LAPTOP-M16-M\E$\lakeshore_example\1_lakeshore_example_simple\2_Particle_tracking_module\Outputs\paths50</linkage><protocol Sync="TRUE">Local Area Network</protocol></itemLocation></itemProps><copyHistory><copy source="E:\lakeshore_example\1_lakeshore_example_simple\2_Particle_tracking_module\Inputs\paths50" dest="\\LAPTOP-M16-M\E$\lakeshore_example\1_lakeshore_example_simple\2_Particle_tracking_module\Outputs\paths50" date="20240425" time="11054000"></copy></copyHistory></DataProperties></Esri></metadata>
