<?xml version="1.0"?>
<!--<!DOCTYPE metadata SYSTEM "http://www.esri.com/metadata/esriprof80.dtd">-->
<metadata xml:lang="en"><Esri><MetaID>{9493308B-0D92-4160-A4E4-BE7B1AF61F14}</MetaID><CreaDate>20110303</CreaDate><CreaTime>14165100</CreaTime><SyncOnce>TRUE</SyncOnce><DataProperties><lineage><Process ToolSource="C:\Program Files\ArcGIS\ArcToolbox\Toolboxes\Data Management Tools.tbx\CreateFeatureclass" Date="20110303" Time="141651">CreateFeatureclass C:\GIS_tests\lakeshore_example DOMAIN POLYGON # DISABLED DISABLED "PROJCS['NAD_1983_UTM_Zone_17N',GEOGCS['GCS_North_American_1983',DATUM['D_North_American_1983',SPHEROID['GRS_1980',6378137.0,298.257222101]],PRIMEM['Greenwich',0.0],UNIT['Degree',0.0174532925199433]],PROJECTION['Transverse_Mercator'],PARAMETER['False_Easting',500000.0],PARAMETER['False_Northing',0.0],PARAMETER['Central_Meridian',-81.0],PARAMETER['Scale_Factor',0.9996],PARAMETER['Latitude_Of_Origin',0.0],UNIT['Meter',1.0]];-5120900 -9998100 450445547.391054;#;#;0.001;#;#;IsHighPrecision" # 0 0 0 C:\GIS_tests\lakeshore_example\DOMAIN.shp</Process><Process ToolSource="C:\Program Files\ArcGIS\ArcToolbox\Toolboxes\Data Management Tools.tbx\AddField" Date="20110601" Time="170505">AddField clip hydr_cond FLOAT # # # # NON_NULLABLE NON_REQUIRED # clip</Process><Process ToolSource="C:\Program Files\ArcGIS\ArcToolbox\Toolboxes\Data Management Tools.tbx\AddField" Date="20110601" Time="170518">AddField clip porosity FLOAT # # # # NON_NULLABLE NON_REQUIRED # clip</Process></lineage><itemProps><itemLocation><linkage Sync="TRUE">file://\\EOAS2022-GRADX\C$\Users\Wei\Downloads\lakeshore_example (1)\lakeshore_example\OriginalData\clip</linkage><protocol Sync="TRUE">Local Area Network</protocol></itemLocation></itemProps><copyHistory><copy source="C:\Users\Wei\Downloads\lakeshore_example (1)\lakeshore_example\clip" dest="\\EOAS2022-GRADX\C$\Users\Wei\Downloads\lakeshore_example (1)\lakeshore_example\OriginalData\clip" date="20240112" time="09050900"></copy></copyHistory></DataProperties></Esri></metadata>
