<?xml version="1.0"?>
<!--<!DOCTYPE metadata SYSTEM "http://www.esri.com/metadata/esriprof80.dtd">-->
<metadata xml:lang="en"><Esri><MetaID>{AB35CC69-71F7-4FF6-B723-9871AFE077D3}</MetaID><CreaDate>20110531</CreaDate><CreaTime>15490100</CreaTime><SyncOnce>TRUE</SyncOnce><DataProperties><lineage><Process ToolSource="C:\Program Files\ArcGIS\ArcToolbox\Toolboxes\3D Analyst Tools.tbx\Times" Date="20110531" Time="154901">Times lakeshore 1 E:\liyingc\lakeshore_example\OriginalData\lakeshore.img</Process></lineage></DataProperties></Esri></metadata>
