<?xml version="1.0" encoding="UTF-8"?>
<metadata xml:lang="en"><Esri><CreaDate>20240822</CreaDate><CreaTime>15225600</CreaTime><ArcGISFormat>1.0</ArcGISFormat><SyncOnce>TRUE</SyncOnce><DataProperties><itemProps><itemLocation><linkage Sync="TRUE">file://\\EOAS2022-GRADX\C$\Users\Wei\Downloads\lakeshore_example\2_lakeshore_example_phosphorus\4_Transport_module\Outputs\no3plumes</linkage><protocol Sync="TRUE">Local Area Network</protocol></itemLocation></itemProps><copyHistory><copy source="C:\Users\Wei\Downloads\lakeshore_example\2_lakeshore_example_phosphorus\4_Transport_module\Inputs\no3plumes" dest="\\EOAS2022-GRADX\C$\Users\Wei\Downloads\lakeshore_example\2_lakeshore_example_phosphorus\4_Transport_module\Outputs\no3plumes" date="20240822" time="15225600"></copy></copyHistory></DataProperties></Esri></metadata>
