<?xml version="1.0" encoding="UTF-8"?>
<metadata xml:lang="en"><Esri><CreaDate>20240822</CreaDate><CreaTime>14320500</CreaTime><ArcGISFormat>1.0</ArcGISFormat><SyncOnce>TRUE</SyncOnce><DataProperties><lineage><Process ToolSource="c:\program files\arcgis\pro\Resources\ArcToolbox\toolboxes\Spatial Analyst Tools.tbx\ExtractMultiValuesToPoints" Date="20240822" Time="142853">ExtractMultiValuesToPoints C:\Users\Wei\Downloads\lakeshore_example\2_lakeshore_example_phosphorus\3_VZMOD_module\Inputs\tmp_shapefile.shp "C:\Users\Wei\Downloads\lakeshore_example\2_lakeshore_example_phosphorus\3_VZMOD_module\Inputs\soiltype soiltype" NONE</Process><Process ToolSource="c:\program files\arcgis\pro\Resources\ArcToolbox\toolboxes\Data Management Tools.tbx\AddField" Date="20240822" Time="142908">AddField C:\Users\Wei\Downloads\lakeshore_example\2_lakeshore_example_phosphorus\3_VZMOD_module\Inputs\tmp_shapefile.shp no3_conc "Double (64-bit floating point)" # # # # NULLABLE NON_REQUIRED #</Process><Process ToolSource="c:\program files\arcgis\pro\Resources\ArcToolbox\toolboxes\Data Management Tools.tbx\AddField" Date="20240822" Time="142908">AddField C:\Users\Wei\Downloads\lakeshore_example\2_lakeshore_example_phosphorus\3_VZMOD_module\Inputs\tmp_shapefile.shp nh4_conc "Double (64-bit floating point)" # # # # NULLABLE NON_REQUIRED #</Process><Process ToolSource="c:\program files\arcgis\pro\Resources\ArcToolbox\toolboxes\Data Management Tools.tbx\AddField" Date="20240822" Time="142908">AddField C:\Users\Wei\Downloads\lakeshore_example\2_lakeshore_example_phosphorus\3_VZMOD_module\Inputs\tmp_shapefile.shp P_conc "Double (64-bit floating point)" # # # # NULLABLE NON_REQUIRED #</Process><Process ToolSource="c:\program files\arcgis\pro\Resources\ArcToolbox\toolboxes\Data Management Tools.tbx\AddField" Date="20240822" Time="142908">AddField C:\Users\Wei\Downloads\lakeshore_example\2_lakeshore_example_phosphorus\3_VZMOD_module\Inputs\tmp_shapefile.shp Depth "Double (64-bit floating point)" # # # # NULLABLE NON_REQUIRED #</Process><Process ToolSource="c:\program files\arcgis\pro\Resources\ArcToolbox\toolboxes\Data Management Tools.tbx\Rename" Date="20240822" Time="142908">Rename C:\Users\Wei\Downloads\lakeshore_example\2_lakeshore_example_phosphorus\3_VZMOD_module\Inputs\tmp_shapefile.shp C:\Users\Wei\Downloads\lakeshore_example\2_lakeshore_example_phosphorus\3_VZMOD_module\Inputs\PotentialSepticTankLocations.shp ShapeFile</Process></lineage><itemProps><itemLocation><linkage Sync="TRUE">file://\\EOAS2022-GRADX\C$\Users\Wei\Downloads\lakeshore_example\2_lakeshore_example_phosphorus\3_VZMOD_module\Outputs\PotentialSepticTankLocations</linkage><protocol Sync="TRUE">Local Area Network</protocol></itemLocation></itemProps><copyHistory><copy source="C:\Users\Wei\Downloads\lakeshore_example\2_lakeshore_example_phosphorus\3_VZMOD_module\Inputs\PotentialSepticTankLocations" dest="\\EOAS2022-GRADX\C$\Users\Wei\Downloads\lakeshore_example\2_lakeshore_example_phosphorus\3_VZMOD_module\Outputs\PotentialSepticTankLocations" date="20240822" time="14320500"></copy></copyHistory></DataProperties></Esri></metadata>
