<?xml version="1.0"?>
<!--<!DOCTYPE metadata SYSTEM "http://www.esri.com/metadata/esriprof80.dtd">-->
<metadata xml:lang="en"><Esri><CreaDate>20101028</CreaDate><CreaTime>13210100</CreaTime><SyncOnce>TRUE</SyncOnce><DataProperties><lineage><Process ToolSource="C:\Program Files\ArcGIS\ArcToolbox\Toolboxes\Conversion Tools.tbx\PolygonToRaster" Date="20100420" Time="113655">PolygonToRaster clip n C:\GIS_tests\lakeshore3\hydr_cont.img CELL_CENTER NONE 10</Process></lineage><itemProps><itemLocation><linkage Sync="TRUE">file://\\EOAS2022-GRADX\C$\Users\Wei\Downloads\lakeshore_example (1)\lakeshore_example\Inputs\hydr_cond.img</linkage><protocol Sync="TRUE">Local Area Network</protocol></itemLocation></itemProps><copyHistory><copy source="C:\Users\Wei\Downloads\lakeshore_example (1)\lakeshore_example\hydr_cond.img" dest="\\EOAS2022-GRADX\C$\Users\Wei\Downloads\lakeshore_example (1)\lakeshore_example\Inputs\hydr_cond.img" date="20240112" time="09044200"></copy></copyHistory></DataProperties><MetaID>{E9AED5C1-66B0-4EA8-90E1-577EA5982332}</MetaID></Esri><idinfo><citation><citeinfo><onlink Sync="TRUE">\\WINRIO001\C$\GIS_tests\lakeshore_example\hydr_cont.img</onlink></citeinfo></citation></idinfo><distInfo><distributor><distorTran><onLineSrc><linkage Sync="TRUE">file://\\WINRIO001\C$\GIS_tests\lakeshore_example\hydr_cont.img</linkage><protocol Sync="TRUE">Local Area Network</protocol></onLineSrc></distorTran></distributor></distInfo><dataqual><lineage><procstep><procdesc Sync="TRUE">Dataset copied.</procdesc><srcused Sync="TRUE">C:\GIS_tests\lakeshore4_dn_test\hydr_cont.img</srcused><procdate Sync="TRUE">20101028</procdate><proctime Sync="TRUE">13210100</proctime></procstep></lineage></dataqual></metadata>
