<?xml version="1.0" encoding="UTF-8"?>
<metadata xml:lang="en"><Esri><CreaDate>20240112</CreaDate><CreaTime>09044200</CreaTime><ArcGISFormat>1.0</ArcGISFormat><SyncOnce>TRUE</SyncOnce><DataProperties><itemProps><itemLocation><linkage Sync="TRUE">file://\\EOAS2022-GRADX\C$\Users\Wei\Downloads\lakeshore_example (1)\lakeshore_example\Inputs\lakeshore.img</linkage><protocol Sync="TRUE">Local Area Network</protocol></itemLocation></itemProps><copyHistory><copy source="C:\Users\Wei\Downloads\lakeshore_example (1)\lakeshore_example\lakeshore.img" dest="\\EOAS2022-GRADX\C$\Users\Wei\Downloads\lakeshore_example (1)\lakeshore_example\Inputs\lakeshore.img" date="20240112" time="09044200"></copy></copyHistory></DataProperties></Esri></metadata>
