<?xml version="1.0"?>
<!--<!DOCTYPE metadata SYSTEM "http://www.esri.com/metadata/esriprof80.dtd">-->
<metadata xml:lang="en"><Esri><CreaDate>20101028</CreaDate><CreaTime>13210200</CreaTime><SyncOnce>TRUE</SyncOnce><DataProperties><lineage><Process ToolSource="C:\Program Files\ArcGIS\ArcToolbox\Toolboxes\Conversion Tools.tbx\PolygonToRaster" Date="20100420" Time="113606">PolygonToRaster clip n C:\GIS_tests\lakeshore3\porosity.img CELL_CENTER NONE 10</Process></lineage><itemProps><itemLocation><linkage Sync="TRUE">file://\\EOAS2022-GRADX\C$\Users\Wei\Downloads\lakeshore_example (1)\lakeshore_example\Inputs\porosity.img</linkage><protocol Sync="TRUE">Local Area Network</protocol></itemLocation></itemProps><copyHistory><copy source="C:\Users\Wei\Downloads\lakeshore_example (1)\lakeshore_example\porosity.img" dest="\\EOAS2022-GRADX\C$\Users\Wei\Downloads\lakeshore_example (1)\lakeshore_example\Inputs\porosity.img" date="20240112" time="09044200"></copy></copyHistory></DataProperties><MetaID>{ED47991F-454F-4F3F-B959-F585BF7BA484}</MetaID></Esri><idinfo><citation><citeinfo><onlink Sync="TRUE">\\WINRIO001\C$\GIS_tests\lakeshore_example\porosity.img</onlink></citeinfo></citation></idinfo><distInfo><distributor><distorTran><onLineSrc><linkage Sync="TRUE">file://\\WINRIO001\C$\GIS_tests\lakeshore_example\porosity.img</linkage><protocol Sync="TRUE">Local Area Network</protocol></onLineSrc></distorTran></distributor></distInfo><dataqual><lineage><procstep><procdesc Sync="TRUE">Dataset copied.</procdesc><srcused Sync="TRUE">C:\GIS_tests\lakeshore4_dn_test\porosity.img</srcused><procdate Sync="TRUE">20101028</procdate><proctime Sync="TRUE">13210200</proctime></procstep></lineage></dataqual></metadata>
