<?xml version="1.0" encoding="UTF-8"?>
<metadata xml:lang="en"><Esri><CreaDate>20241217</CreaDate><CreaTime>22104600</CreaTime><ArcGISFormat>1.0</ArcGISFormat><SyncOnce>TRUE</SyncOnce><DataProperties><lineage><Process ToolSource="C:\ArcNLET\ArcNLET-Py-main\ArcNLET-Py-main\ArcNLET\ArcNLET.pyt\InterfacePreprocessing" Date="20241217" Time="221046">InterfacePreprocessing PortMalabar_StudyArea PROJCS["NAD_1983_UTM_Zone_17N",GEOGCS["GCS_North_American_1983",DATUM["D_North_American_1983",SPHEROID["GRS_1980",6378137.0,298.257222101]],PRIMEM["Greenwich",0.0],UNIT["Degree",0.0174532925199433]],PROJECTION["Transverse_Mercator"],PARAMETER["False_Easting",500000.0],PARAMETER["False_Northing",0.0],PARAMETER["Central_Meridian",-81.0],PARAMETER["Scale_Factor",0.9996],PARAMETER["Latitude_Of_Origin",0.0],UNIT["Meter",1.0]] 79 201 "Harmonic mean for Ks" 3 C:\ArcNLET\JonesGrosecloseDataGitHub_20241217\0Preprocessing\Outputs\hydr_cond C:\ArcNLET\JonesGrosecloseDataGitHub_20241217\0Preprocessing\Outputs\porosity C:\ArcNLET\JonesGrosecloseDataGitHub_20241217\0Preprocessing\Outputs\soiltype C:\ArcNLET\JonesGrosecloseDataGitHub_20241217\0Preprocessing\Outputs\spatial.shp</Process></lineage></DataProperties></Esri></metadata>
