<?xml version="1.0" encoding="UTF-8"?>
<metadata xml:lang="en"><Esri><CreaDate>20240418</CreaDate><CreaTime>16045900</CreaTime><ArcGISFormat>1.0</ArcGISFormat><SyncOnce>TRUE</SyncOnce><DataProperties><lineage><Process ToolSource="c:\program files\arcgis\pro\Resources\ArcToolbox\toolboxes\Data Management Tools.tbx\CreateFeatureclass" Date="20240418" Time="160457">CreateFeatureclass E:\lakeshore_example\Original_Data int_spa_tmp.shp Polygon # No No "GEOGCS["GCS_WGS_1984",DATUM["D_WGS_1984",SPHEROID["WGS_1984",6378137.0,298.257223563]],PRIMEM["Greenwich",0.0],UNIT["Degree",0.0174532925199433]];-400 -400 1000000000;-100000 10000;-100000 10000;8.98315284119521E-09;0.001;0.001;IsHighPrecision" # 0 0 0 # "Same as template"</Process><Process ToolSource="c:\program files\arcgis\pro\Resources\ArcToolbox\toolboxes\Data Management Tools.tbx\AddField" Date="20240418" Time="160457">AddField E:\lakeshore_example\Original_Data\int_spa_tmp.shp areasymbol Text # # # # NULLABLE NON_REQUIRED #</Process><Process ToolSource="c:\program files\arcgis\pro\Resources\ArcToolbox\toolboxes\Data Management Tools.tbx\AddField" Date="20240418" Time="160457">AddField E:\lakeshore_example\Original_Data\int_spa_tmp.shp areaname Text # # # # NULLABLE NON_REQUIRED #</Process><Process ToolSource="c:\program files\arcgis\pro\Resources\ArcToolbox\toolboxes\Data Management Tools.tbx\AddField" Date="20240418" Time="160457">AddField E:\lakeshore_example\Original_Data\int_spa_tmp.shp muname Text # # # # NULLABLE NON_REQUIRED #</Process><Process ToolSource="c:\program files\arcgis\pro\Resources\ArcToolbox\toolboxes\Data Management Tools.tbx\AddField" Date="20240418" Time="160457">AddField E:\lakeshore_example\Original_Data\int_spa_tmp.shp musym Text # # # # NULLABLE NON_REQUIRED #</Process><Process ToolSource="c:\program files\arcgis\pro\Resources\ArcToolbox\toolboxes\Data Management Tools.tbx\AddField" Date="20240418" Time="160457">AddField E:\lakeshore_example\Original_Data\int_spa_tmp.shp mukey Text # # # # NULLABLE NON_REQUIRED #</Process><Process ToolSource="c:\program files\arcgis\pro\Resources\ArcToolbox\toolboxes\Data Management Tools.tbx\AddField" Date="20240418" Time="160457">AddField E:\lakeshore_example\Original_Data\int_spa_tmp.shp nat_musym Text # # # # NULLABLE NON_REQUIRED #</Process><Process ToolSource="c:\program files\arcgis\pro\Resources\ArcToolbox\toolboxes\Data Management Tools.tbx\AddField" Date="20240418" Time="160457">AddField E:\lakeshore_example\Original_Data\int_spa_tmp.shp ksat_l "Double (64-bit floating point)" # # # # NULLABLE NON_REQUIRED #</Process><Process ToolSource="c:\program files\arcgis\pro\Resources\ArcToolbox\toolboxes\Data Management Tools.tbx\AddField" Date="20240418" Time="160458">AddField E:\lakeshore_example\Original_Data\int_spa_tmp.shp ksat_r "Double (64-bit floating point)" # # # # NULLABLE NON_REQUIRED #</Process><Process ToolSource="c:\program files\arcgis\pro\Resources\ArcToolbox\toolboxes\Data Management Tools.tbx\AddField" Date="20240418" Time="160458">AddField E:\lakeshore_example\Original_Data\int_spa_tmp.shp ksat_h "Double (64-bit floating point)" # # # # NULLABLE NON_REQUIRED #</Process><Process ToolSource="c:\program files\arcgis\pro\Resources\ArcToolbox\toolboxes\Data Management Tools.tbx\AddField" Date="20240418" Time="160458">AddField E:\lakeshore_example\Original_Data\int_spa_tmp.shp wsat_l "Double (64-bit floating point)" # # # # NULLABLE NON_REQUIRED #</Process><Process ToolSource="c:\program files\arcgis\pro\Resources\ArcToolbox\toolboxes\Data Management Tools.tbx\AddField" Date="20240418" Time="160458">AddField E:\lakeshore_example\Original_Data\int_spa_tmp.shp wsat_r "Double (64-bit floating point)" # # # # NULLABLE NON_REQUIRED #</Process><Process ToolSource="c:\program files\arcgis\pro\Resources\ArcToolbox\toolboxes\Data Management Tools.tbx\AddField" Date="20240418" Time="160458">AddField E:\lakeshore_example\Original_Data\int_spa_tmp.shp wsat_h "Double (64-bit floating point)" # # # # NULLABLE NON_REQUIRED #</Process><Process ToolSource="c:\program files\arcgis\pro\Resources\ArcToolbox\toolboxes\Data Management Tools.tbx\AddField" Date="20240418" Time="160458">AddField E:\lakeshore_example\Original_Data\int_spa_tmp.shp dbo_l "Double (64-bit floating point)" # # # # NULLABLE NON_REQUIRED #</Process><Process ToolSource="c:\program files\arcgis\pro\Resources\ArcToolbox\toolboxes\Data Management Tools.tbx\AddField" Date="20240418" Time="160458">AddField E:\lakeshore_example\Original_Data\int_spa_tmp.shp dbo_r "Double (64-bit floating point)" # # # # NULLABLE NON_REQUIRED #</Process><Process ToolSource="c:\program files\arcgis\pro\Resources\ArcToolbox\toolboxes\Data Management Tools.tbx\AddField" Date="20240418" Time="160458">AddField E:\lakeshore_example\Original_Data\int_spa_tmp.shp dbo_h "Double (64-bit floating point)" # # # # NULLABLE NON_REQUIRED #</Process><Process ToolSource="c:\program files\arcgis\pro\Resources\ArcToolbox\toolboxes\Data Management Tools.tbx\AddField" Date="20240418" Time="160458">AddField E:\lakeshore_example\Original_Data\int_spa_tmp.shp part_d "Double (64-bit floating point)" # # # # NULLABLE NON_REQUIRED #</Process><Process ToolSource="c:\program files\arcgis\pro\Resources\ArcToolbox\toolboxes\Data Management Tools.tbx\AddField" Date="20240418" Time="160458">AddField E:\lakeshore_example\Original_Data\int_spa_tmp.shp clay_r "Double (64-bit floating point)" # # # # NULLABLE NON_REQUIRED #</Process><Process ToolSource="c:\program files\arcgis\pro\Resources\ArcToolbox\toolboxes\Data Management Tools.tbx\AddField" Date="20240418" Time="160458">AddField E:\lakeshore_example\Original_Data\int_spa_tmp.shp silt_r "Double (64-bit floating point)" # # # # NULLABLE NON_REQUIRED #</Process><Process ToolSource="c:\program files\arcgis\pro\Resources\ArcToolbox\toolboxes\Data Management Tools.tbx\AddField" Date="20240418" Time="160458">AddField E:\lakeshore_example\Original_Data\int_spa_tmp.shp sand_r "Double (64-bit floating point)" # # # # NULLABLE NON_REQUIRED #</Process><Process ToolSource="c:\program files\arcgis\pro\Resources\ArcToolbox\toolboxes\Data Management Tools.tbx\AddField" Date="20240418" Time="160458">AddField E:\lakeshore_example\Original_Data\int_spa_tmp.shp poro "Double (64-bit floating point)" # # # # NULLABLE NON_REQUIRED #</Process><Process ToolSource="c:\program files\arcgis\pro\Resources\ArcToolbox\toolboxes\Data Management Tools.tbx\AddField" Date="20240418" Time="160458">AddField E:\lakeshore_example\Original_Data\int_spa_tmp.shp texture Text # # # # NULLABLE NON_REQUIRED #</Process><Process ToolSource="c:\program files\arcgis\pro\Resources\ArcToolbox\toolboxes\Data Management Tools.tbx\AddField" Date="20240418" Time="160458">AddField E:\lakeshore_example\Original_Data\int_spa_tmp.shp soiltype "Double (64-bit floating point)" # # # # NULLABLE NON_REQUIRED #</Process><Process ToolSource="c:\program files\arcgis\pro\Resources\ArcToolbox\toolboxes\Data Management Tools.tbx\Project" Date="20240418" Time="160459">Project E:\lakeshore_example\Original_Data\int_spa_tmp.shp E:\lakeshore_example\Original_Data\ddd PROJCS["NAD_1983_UTM_Zone_17N",GEOGCS["GCS_North_American_1983",DATUM["D_North_American_1983",SPHEROID["GRS_1980",6378137.0,298.257222101]],PRIMEM["Greenwich",0.0],UNIT["Degree",0.0174532925199433]],PROJECTION["Transverse_Mercator"],PARAMETER["False_Easting",500000.0],PARAMETER["False_Northing",0.0],PARAMETER["Central_Meridian",-81.0],PARAMETER["Scale_Factor",0.9996],PARAMETER["Latitude_Of_Origin",0.0],UNIT["Meter",1.0]] WGS_1984_(ITRF00)_To_NAD_1983 GEOGCS["GCS_WGS_1984",DATUM["D_WGS_1984",SPHEROID["WGS_1984",6378137.0,298.257223563]],PRIMEM["Greenwich",0.0],UNIT["Degree",0.0174532925199433]] NO_PRESERVE_SHAPE # NO_VERTICAL</Process><Process ToolSource="E:\ArcNLET\ArcNLET.pyt\InterfacePreprocessing" Date="20240418" Time="160506">InterfacePreprocessing clip PROJCS["NAD_1983_UTM_Zone_17N",GEOGCS["GCS_North_American_1983",DATUM["D_North_American_1983",SPHEROID["GRS_1980",6378137.0,298.257222101]],PRIMEM["Greenwich",0.0],UNIT["Degree",0.0174532925199433]],PROJECTION["Transverse_Mercator"],PARAMETER["False_Easting",500000.0],PARAMETER["False_Northing",0.0],PARAMETER["Central_Meridian",-81.0],PARAMETER["Scale_Factor",0.9996],PARAMETER["Latitude_Of_Origin",0.0],UNIT["Meter",1.0]] 0 200 "Harmonic mean for Ks" 10 E:\lakeshore_example\Original_Data\aaa E:\lakeshore_example\Original_Data\bbb E:\lakeshore_example\Original_Data\ccc E:\lakeshore_example\Original_Data\ddd</Process></lineage></DataProperties></Esri></metadata>
