<?xml version="1.0" encoding="UTF-8"?>
<metadata xml:lang="en"><Esri><CreaDate>20240827</CreaDate><CreaTime>20481900</CreaTime><ArcGISFormat>1.0</ArcGISFormat><SyncOnce>TRUE</SyncOnce><DataProperties><lineage><Process ToolSource="C:\Users\Wei\OneDrive - Florida State University\Work\02-ArcNLET-Py\arcnlet-modify\ArcNLET.pyt\InterfaceLoadEstimation" Date="20240827" Time="204819">InterfaceLoadEstimation Nitrogen true 1 C:\Users\Wei\Downloads\lakeshore_example\1_lakeshore_example_complex\5_Load_estimation_module\Inputs\no3plumes_info.shp C:\Users\Wei\Downloads\lakeshore_example\1_lakeshore_example_complex\5_Load_estimation_module\Inputs\nh4plumes_info.shp # C:\Users\Wei\Downloads\lakeshore_example\1_lakeshore_example_complex\5_Load_estimation_module\Inputs\no3plumes_info.csv C:\Users\Wei\Downloads\lakeshore_example\1_lakeshore_example_complex\5_Load_estimation_module\Inputs\nh4plumes_info.csv #</Process></lineage></DataProperties></Esri></metadata>
