<?xml version="1.0" encoding="UTF-8"?>
<metadata xml:lang="en"><Esri><CreaDate>20250225</CreaDate><CreaTime>18003100</CreaTime><ArcGISFormat>1.0</ArcGISFormat><SyncOnce>TRUE</SyncOnce><DataProperties><lineage><Process ToolSource="c:\program files\arcgis\pro\Resources\ArcToolbox\toolboxes\Spatial Analyst Tools.tbx\ExtractMultiValuesToPoints" Date="20250225" Time="175915">ExtractMultiValuesToPoints C:\Users\Wei\Downloads\lakeshore_example\3_lakeshore_example_ArcNLET-Py_NO3+NH4+PO4\3_VZMOD_module\Inputs\OSTDS_outputs.shp "C:\Users\Wei\Downloads\lakeshore_example\3_lakeshore_example_ArcNLET-Py_NO3+NH4+PO4\3_VZMOD_module\Inputs\soiltype soiltype" NONE</Process><Process ToolSource="c:\program files\arcgis\pro\Resources\ArcToolbox\toolboxes\Data Management Tools.tbx\AddField" Date="20250225" Time="175918">AddField C:\Users\Wei\Downloads\lakeshore_example\3_lakeshore_example_ArcNLET-Py_NO3+NH4+PO4\3_VZMOD_module\Inputs\OSTDS_outputs.shp no3_conc DOUBLE # # # # NULLABLE NON_REQUIRED #</Process><Process ToolSource="c:\program files\arcgis\pro\Resources\ArcToolbox\toolboxes\Data Management Tools.tbx\AddField" Date="20250225" Time="175918">AddField C:\Users\Wei\Downloads\lakeshore_example\3_lakeshore_example_ArcNLET-Py_NO3+NH4+PO4\3_VZMOD_module\Inputs\OSTDS_outputs.shp nh4_conc DOUBLE # # # # NULLABLE NON_REQUIRED #</Process><Process ToolSource="c:\program files\arcgis\pro\Resources\ArcToolbox\toolboxes\Data Management Tools.tbx\AddField" Date="20250225" Time="175918">AddField C:\Users\Wei\Downloads\lakeshore_example\3_lakeshore_example_ArcNLET-Py_NO3+NH4+PO4\3_VZMOD_module\Inputs\OSTDS_outputs.shp P_conc DOUBLE # # # # NULLABLE NON_REQUIRED #</Process><Process ToolSource="c:\program files\arcgis\pro\Resources\ArcToolbox\toolboxes\Data Management Tools.tbx\AddField" Date="20250225" Time="175918">AddField C:\Users\Wei\Downloads\lakeshore_example\3_lakeshore_example_ArcNLET-Py_NO3+NH4+PO4\3_VZMOD_module\Inputs\OSTDS_outputs.shp Depth DOUBLE # # # # NULLABLE NON_REQUIRED #</Process><Process ToolSource="c:\program files\arcgis\pro\Resources\ArcToolbox\toolboxes\Data Management Tools.tbx\DeleteField" Date="20250225" Time="175918">DeleteField C:\Users\Wei\Downloads\lakeshore_example\3_lakeshore_example_ArcNLET-Py_NO3+NH4+PO4\3_VZMOD_module\Inputs\OSTDS_outputs.shp hydro_con DELETE_FIELDS</Process><Process ToolSource="c:\program files\arcgis\pro\Resources\ArcToolbox\toolboxes\Data Management Tools.tbx\DeleteField" Date="20250225" Time="175918">DeleteField C:\Users\Wei\Downloads\lakeshore_example\3_lakeshore_example_ArcNLET-Py_NO3+NH4+PO4\3_VZMOD_module\Inputs\OSTDS_outputs.shp porosity DELETE_FIELDS</Process><Process ToolSource="c:\program files\arcgis\pro\Resources\ArcToolbox\toolboxes\Data Management Tools.tbx\DeleteField" Date="20250225" Time="175919">DeleteField C:\Users\Wei\Downloads\lakeshore_example\3_lakeshore_example_ArcNLET-Py_NO3+NH4+PO4\3_VZMOD_module\Inputs\OSTDS_outputs.shp soiltype DELETE_FIELDS</Process><Process ToolSource="c:\program files\arcgis\pro\Resources\ArcToolbox\toolboxes\Data Management Tools.tbx\DeleteField" Date="20250225" Time="175919">DeleteField C:\Users\Wei\Downloads\lakeshore_example\3_lakeshore_example_ArcNLET-Py_NO3+NH4+PO4\3_VZMOD_module\Inputs\OSTDS_outputs.shp Depth DELETE_FIELDS</Process></lineage><itemProps><itemLocation><linkage Sync="TRUE">file://\\EOAS2022-GRADX\C$\Users\Wei\Downloads\lakeshore_example\3_lakeshore_example_ArcNLET-Py_NO3+NH4+PO4\4_Transport_module\Inputs\OSTDS_outputs</linkage><protocol Sync="TRUE">Local Area Network</protocol></itemLocation></itemProps><copyHistory><copy source="C:\Users\Wei\Downloads\lakeshore_example\3_lakeshore_example_ArcNLET-Py_NO3+NH4+PO4\3_VZMOD_module\Inputs\OSTDS_outputs" dest="\\EOAS2022-GRADX\C$\Users\Wei\Downloads\lakeshore_example\3_lakeshore_example_ArcNLET-Py_NO3+NH4+PO4\4_Transport_module\Inputs\OSTDS_outputs" date="20250225" time="18003100"></copy></copyHistory></DataProperties></Esri></metadata>
