<?xml version="1.0" encoding="UTF-8"?>
<metadata xml:lang="en"><Esri><CreaDate>20241217</CreaDate><CreaTime>22173900</CreaTime><ArcGISFormat>1.0</ArcGISFormat><SyncOnce>TRUE</SyncOnce><DataProperties><lineage><Process ToolSource="c:\program files\arcgis\pro\Resources\ArcToolbox\toolboxes\Data Management Tools.tbx\CreateFeatureclass" Date="20241217" Time="221739">CreateFeatureclass C:\ArcNLET\JonesGrosecloseDataGitHub_20241217\2ParticleTracking\Outputs paths POLYLINE # DISABLED DISABLED "PROJCS["NAD_1983_UTM_Zone_17N",GEOGCS["GCS_North_American_1983",DATUM["D_North_American_1983",SPHEROID["GRS_1980",6378137.0,298.257222101]],PRIMEM["Greenwich",0.0],UNIT["Degree",0.0174532925199433]],PROJECTION["Transverse_Mercator"],PARAMETER["False_Easting",500000.0],PARAMETER["False_Northing",0.0],PARAMETER["Central_Meridian",-81.0],PARAMETER["Scale_Factor",0.9996],PARAMETER["Latitude_Of_Origin",0.0],UNIT["Meter",1.0]];-5120900 -9998100 450445547.391054;-100000 10000;-100000 10000;0.001;0.001;0.001;IsHighPrecision" # 0 0 0 # SAME_AS_TEMPLATE</Process><Process ToolSource="c:\program files\arcgis\pro\Resources\ArcToolbox\toolboxes\Data Management Tools.tbx\AddField" Date="20241217" Time="221739">AddField C:\ArcNLET\JonesGrosecloseDataGitHub_20241217\2ParticleTracking\Outputs\paths.shp PathID LONG # # # # NULLABLE NON_REQUIRED #</Process><Process ToolSource="c:\program files\arcgis\pro\Resources\ArcToolbox\toolboxes\Data Management Tools.tbx\AddField" Date="20241217" Time="221739">AddField C:\ArcNLET\JonesGrosecloseDataGitHub_20241217\2ParticleTracking\Outputs\paths.shp SegID LONG # # # # NULLABLE NON_REQUIRED #</Process><Process ToolSource="c:\program files\arcgis\pro\Resources\ArcToolbox\toolboxes\Data Management Tools.tbx\AddField" Date="20241217" Time="221740">AddField C:\ArcNLET\JonesGrosecloseDataGitHub_20241217\2ParticleTracking\Outputs\paths.shp TotDist DOUBLE # # # # NULLABLE NON_REQUIRED #</Process><Process ToolSource="c:\program files\arcgis\pro\Resources\ArcToolbox\toolboxes\Data Management Tools.tbx\AddField" Date="20241217" Time="221740">AddField C:\ArcNLET\JonesGrosecloseDataGitHub_20241217\2ParticleTracking\Outputs\paths.shp TotTime DOUBLE # # # # NULLABLE NON_REQUIRED #</Process><Process ToolSource="c:\program files\arcgis\pro\Resources\ArcToolbox\toolboxes\Data Management Tools.tbx\AddField" Date="20241217" Time="221740">AddField C:\ArcNLET\JonesGrosecloseDataGitHub_20241217\2ParticleTracking\Outputs\paths.shp SegPrsity DOUBLE # # # # NULLABLE NON_REQUIRED #</Process><Process ToolSource="c:\program files\arcgis\pro\Resources\ArcToolbox\toolboxes\Data Management Tools.tbx\AddField" Date="20241217" Time="221740">AddField C:\ArcNLET\JonesGrosecloseDataGitHub_20241217\2ParticleTracking\Outputs\paths.shp SegVel DOUBLE # # # # NULLABLE NON_REQUIRED #</Process><Process ToolSource="c:\program files\arcgis\pro\Resources\ArcToolbox\toolboxes\Data Management Tools.tbx\AddField" Date="20241217" Time="221740">AddField C:\ArcNLET\JonesGrosecloseDataGitHub_20241217\2ParticleTracking\Outputs\paths.shp DirAngle DOUBLE # # # # NULLABLE NON_REQUIRED #</Process><Process ToolSource="c:\program files\arcgis\pro\Resources\ArcToolbox\toolboxes\Data Management Tools.tbx\AddField" Date="20241217" Time="221741">AddField C:\ArcNLET\JonesGrosecloseDataGitHub_20241217\2ParticleTracking\Outputs\paths.shp WBId LONG # # # # NULLABLE NON_REQUIRED #</Process><Process ToolSource="c:\program files\arcgis\pro\Resources\ArcToolbox\toolboxes\Data Management Tools.tbx\AddField" Date="20241217" Time="221741">AddField C:\ArcNLET\JonesGrosecloseDataGitHub_20241217\2ParticleTracking\Outputs\paths.shp PathWBId LONG # # # # NULLABLE NON_REQUIRED #</Process><Process ToolSource="C:\ArcNLET\ArcNLET-Py-main\ArcNLET-Py-main\ArcNLET\ArcNLET.pyt\InterfaceParticleTracking" Date="20241217" Time="221743">InterfaceParticleTracking C:\ArcNLET\JonesGrosecloseDataGitHub_20241217\2ParticleTracking\Inputs\OSTDS_Points_GrosecloseJones.shp C:\ArcNLET\JonesGrosecloseDataGitHub_20241217\2ParticleTracking\Inputs\waterbodies.shp C:\ArcNLET\JonesGrosecloseDataGitHub_20241217\2ParticleTracking\Inputs\vel_mag C:\ArcNLET\JonesGrosecloseDataGitHub_20241217\2ParticleTracking\Inputs\vel_dir C:\ArcNLET\JonesGrosecloseDataGitHub_20241217\2ParticleTracking\Inputs\porosity true 3 1.5 1000 C:\ArcNLET\JonesGrosecloseDataGitHub_20241217\2ParticleTracking\Outputs\paths.shp</Process></lineage></DataProperties></Esri></metadata>
