<?xml version="1.0" encoding="UTF-8"?>
<metadata xml:lang="en"><Esri><CreaDate>20250225</CreaDate><CreaTime>17015200</CreaTime><ArcGISFormat>1.0</ArcGISFormat><SyncOnce>TRUE</SyncOnce><DataProperties><itemProps><itemLocation><linkage Sync="TRUE">file://\\EOAS2022-GRADX\C$\Users\Wei\Downloads\lakeshore_example\1_lakeshore_example_original ArcNLET_NO3\4_Load_estimation_module\Inputs\no3plumes_info</linkage><protocol Sync="TRUE">Local Area Network</protocol></itemLocation></itemProps><copyHistory><copy source="C:\Users\Wei\Downloads\lakeshore_example\1_lakeshore_example_original ArcNLET_NO3\3_Transport_module\Inputs\no3plumes_info" dest="\\EOAS2022-GRADX\C$\Users\Wei\Downloads\lakeshore_example\1_lakeshore_example_original ArcNLET_NO3\4_Load_estimation_module\Inputs\no3plumes_info" date="20250225" time="17015200"></copy></copyHistory><lineage><Process ToolSource="c:\program files\arcgis\pro\Resources\ArcToolbox\toolboxes\Data Management Tools.tbx\Copy" Date="20250225" Time="170152">Copy "C:\Users\Wei\Downloads\lakeshore_example\1_lakeshore_example_original ArcNLET_NO3\3_Transport_module\Inputs\no3plumes_info.shp" "C:\Users\Wei\Downloads\lakeshore_example\1_lakeshore_example_original ArcNLET_NO3\4_Load_estimation_module\Inputs\no3plumes_info.shp" Shapefile #</Process></lineage></DataProperties></Esri></metadata>
