<?xml version="1.0" encoding="UTF-8"?>
<metadata xml:lang="en"><Esri><CreaDate>20241217</CreaDate><CreaTime>23054800</CreaTime><ArcGISFormat>1.0</ArcGISFormat><SyncOnce>TRUE</SyncOnce><DataProperties><itemProps><itemLocation><linkage Sync="TRUE">file://\\FREAC-T5820-4\C$\ArcNLET\JonesGrosecloseDataGitHub_20241217\5LoadEstimation\Inputs\nh4plumes_info</linkage><protocol Sync="TRUE">Local Area Network</protocol></itemLocation></itemProps><copyHistory><copy source="C:\ArcNLET\JonesGrosecloseDataGitHub_20241217\4Transport\Outputs\nh4plumes_info" dest="\\FREAC-T5820-4\C$\ArcNLET\JonesGrosecloseDataGitHub_20241217\5LoadEstimation\Inputs\nh4plumes_info" date="20241217" time="23054800"></copy></copyHistory><lineage><Process ToolSource="c:\program files\arcgis\pro\Resources\ArcToolbox\Toolboxes\Data Management Tools.tbx\CopyMultiple" Date="20241217" Time="230548">CopyMultiple "C:\ArcNLET\JonesGrosecloseDataGitHub_20241217\4Transport\Outputs\nh4plumes_info.shp shapefile_point;C:\ArcNLET\JonesGrosecloseDataGitHub_20241217\4Transport\Outputs\no3plumes_info.shp shapefile_point;C:\ArcNLET\JonesGrosecloseDataGitHub_20241217\4Transport\Outputs\po4plumes_info.shp shapefile_point" C:\ArcNLET\JonesGrosecloseDataGitHub_20241217\5LoadEstimation\Inputs nh4plumes_info;no3plumes_info;po4plumes_info "nh4plumes_info FeatureClass nh4plumes_info.shp #;no3plumes_info FeatureClass no3plumes_info.shp #;po4plumes_info FeatureClass po4plumes_info.shp #"</Process></lineage></DataProperties></Esri></metadata>
