<?xml version="1.0" encoding="UTF-8"?>
<metadata xml:lang="en"><Esri><CreaDate>20240425</CreaDate><CreaTime>11401900</CreaTime><ArcGISFormat>1.0</ArcGISFormat><SyncOnce>TRUE</SyncOnce><DataProperties><lineage><Process ToolSource="c:\program files\arcgis\pro\Resources\ArcToolbox\toolboxes\Spatial Analyst Tools.tbx\ExtractMultiValuesToPoints" Date="20240425" Time="113910">ExtractMultiValuesToPoints E:\lakeshore_example\2_lakeshore_example_complex\3_VZMOD_module\Inputs\PotentialSepticTankLocations.shp "E:\lakeshore_example\2_lakeshore_example_complex\3_VZMOD_module\Inputs\soiltype soiltype" NONE</Process><Process ToolSource="c:\program files\arcgis\pro\Resources\ArcToolbox\toolboxes\Data Management Tools.tbx\DeleteField" Date="20240425" Time="113911">DeleteField E:\lakeshore_example\2_lakeshore_example_complex\3_VZMOD_module\Inputs\PotentialSepticTankLocations.shp hydro_con;porosity;soiltype "Delete Fields"</Process><Process ToolSource="c:\program files\arcgis\pro\Resources\ArcToolbox\toolboxes\Data Management Tools.tbx\AddField" Date="20240425" Time="113912">AddField E:\lakeshore_example\2_lakeshore_example_complex\3_VZMOD_module\Inputs\PotentialSepticTankLocations.shp no3_conc "Double (64-bit floating point)" # # # # NULLABLE NON_REQUIRED #</Process><Process ToolSource="c:\program files\arcgis\pro\Resources\ArcToolbox\toolboxes\Data Management Tools.tbx\AddField" Date="20240425" Time="113912">AddField E:\lakeshore_example\2_lakeshore_example_complex\3_VZMOD_module\Inputs\PotentialSepticTankLocations.shp nh4_conc "Double (64-bit floating point)" # # # # NULLABLE NON_REQUIRED #</Process><Process ToolSource="c:\program files\arcgis\pro\Resources\ArcToolbox\toolboxes\Data Management Tools.tbx\DeleteField" Date="20240425" Time="124142">DeleteField PotentialSepticTankLocations N0_conc "Delete Fields"</Process></lineage><itemProps><itemLocation><linkage Sync="TRUE">file://\\LAPTOP-M16-M\E$\lakeshore_example\2_lakeshore_example_complex\3_VZMOD_module\Outputs\PotentialSepticTankLocations</linkage><protocol Sync="TRUE">Local Area Network</protocol></itemLocation></itemProps><copyHistory><copy source="E:\lakeshore_example\2_lakeshore_example_complex\3_VZMOD_module\Inputs\PotentialSepticTankLocations" dest="\\LAPTOP-M16-M\E$\lakeshore_example\2_lakeshore_example_complex\3_VZMOD_module\Outputs\PotentialSepticTankLocations" date="20240425" time="11401900"></copy></copyHistory></DataProperties></Esri></metadata>
