<?xml version="1.0" encoding="UTF-8"?>
<metadata xml:lang="en"><Esri><CreaDate>20240827</CreaDate><CreaTime>19430500</CreaTime><ArcGISFormat>1.0</ArcGISFormat><SyncOnce>TRUE</SyncOnce><DataProperties><itemProps><itemLocation><linkage Sync="TRUE">file://\\EOAS2022-GRADX\C$\Users\Wei\Downloads\lakeshore_example\1_lakeshore_example_complex\4_Transport_module\Outputs\no3plumes_info</linkage><protocol Sync="TRUE">Local Area Network</protocol></itemLocation></itemProps><copyHistory><copy source="C:\Users\Wei\Downloads\lakeshore_example\1_lakeshore_example_complex\4_Transport_module\Inputs\no3plumes_info" dest="\\EOAS2022-GRADX\C$\Users\Wei\Downloads\lakeshore_example\1_lakeshore_example_complex\4_Transport_module\Outputs\no3plumes_info" date="20240827" time="19430500"></copy></copyHistory></DataProperties></Esri></metadata>
