<?xml version="1.0" encoding="UTF-8"?>
<metadata xml:lang="en"><Esri><CreaDate>20240827</CreaDate><CreaTime>17035600</CreaTime><ArcGISFormat>1.0</ArcGISFormat><SyncOnce>TRUE</SyncOnce><DataProperties><lineage><Process ToolSource="c:\program files\arcgis\pro\Resources\ArcToolbox\toolboxes\Spatial Analyst Tools.tbx\ExtractMultiValuesToPoints" Date="20240827" Time="170356">ExtractMultiValuesToPoints C:\Users\Wei\Downloads\lakeshore_example\1_lakeshore_example_complex\3_VZMOD_module\Inputs\tmp_shapefile.shp "C:\Users\Wei\Downloads\lakeshore_example\1_lakeshore_example_complex\3_VZMOD_module\Inputs\soiltype soiltype" NONE</Process><Process ToolSource="c:\program files\arcgis\pro\Resources\ArcToolbox\toolboxes\Data Management Tools.tbx\AddField" Date="20240827" Time="170357">AddField C:\Users\Wei\Downloads\lakeshore_example\1_lakeshore_example_complex\3_VZMOD_module\Inputs\tmp_shapefile.shp Depth "Double (64-bit floating point)" # # # # NULLABLE NON_REQUIRED #</Process><Process ToolSource="c:\program files\arcgis\pro\Resources\ArcToolbox\toolboxes\Data Management Tools.tbx\Rename" Date="20240827" Time="170357">Rename C:\Users\Wei\Downloads\lakeshore_example\1_lakeshore_example_complex\3_VZMOD_module\Inputs\tmp_shapefile.shp C:\Users\Wei\Downloads\lakeshore_example\1_lakeshore_example_complex\3_VZMOD_module\Inputs\PotentialSepticTankLocations.shp ShapeFile</Process><Process ToolSource="c:\program files\arcgis\pro\Resources\ArcToolbox\toolboxes\Data Management Tools.tbx\DeleteField" Date="20240827" Time="170357">DeleteField C:\Users\Wei\Downloads\lakeshore_example\1_lakeshore_example_complex\3_VZMOD_module\Inputs\PotentialSepticTankLocations.shp hydro_con "Delete Fields"</Process><Process ToolSource="c:\program files\arcgis\pro\Resources\ArcToolbox\toolboxes\Data Management Tools.tbx\DeleteField" Date="20240827" Time="170357">DeleteField C:\Users\Wei\Downloads\lakeshore_example\1_lakeshore_example_complex\3_VZMOD_module\Inputs\PotentialSepticTankLocations.shp porosity "Delete Fields"</Process><Process ToolSource="c:\program files\arcgis\pro\Resources\ArcToolbox\toolboxes\Data Management Tools.tbx\DeleteField" Date="20240827" Time="170357">DeleteField C:\Users\Wei\Downloads\lakeshore_example\1_lakeshore_example_complex\3_VZMOD_module\Inputs\PotentialSepticTankLocations.shp soiltype "Delete Fields"</Process><Process ToolSource="c:\program files\arcgis\pro\Resources\ArcToolbox\toolboxes\Data Management Tools.tbx\DeleteField" Date="20240827" Time="170358">DeleteField C:\Users\Wei\Downloads\lakeshore_example\1_lakeshore_example_complex\3_VZMOD_module\Inputs\PotentialSepticTankLocations.shp Depth "Delete Fields"</Process><Process ToolSource="c:\program files\arcgis\pro\Resources\ArcToolbox\Toolboxes\Data Management Tools.tbx\DeleteField" Date="20240827" Time="170522">DeleteField PotentialSepticTankLocations P_conc "Delete Fields"</Process></lineage></DataProperties></Esri></metadata>
