<?xml version="1.0" encoding="UTF-8"?>
<metadata xml:lang="en"><Esri><CreaDate>20240418</CreaDate><CreaTime>16050600</CreaTime><ArcGISFormat>1.0</ArcGISFormat><SyncOnce>TRUE</SyncOnce><DataProperties><lineage><Process ToolSource="c:\program files\arcgis\pro\Resources\ArcToolbox\toolboxes\Data Management Tools.tbx\BuildRasterAttributeTable" Date="20240418" Time="160506">BuildRasterAttributeTable E:\lakeshore_example\Original_Data\ccc Overwrite NONE</Process><Process ToolSource="c:\program files\arcgis\pro\Resources\ArcToolbox\toolboxes\Data Management Tools.tbx\AddField" Date="20240418" Time="160506">AddField E:\lakeshore_example\Original_Data\ccc SOILTYPE Text # # 50 # NULLABLE NON_REQUIRED #</Process><Process ToolSource="E:\ArcNLET\ArcNLET.pyt\InterfacePreprocessing" Date="20240418" Time="160506">InterfacePreprocessing clip PROJCS["NAD_1983_UTM_Zone_17N",GEOGCS["GCS_North_American_1983",DATUM["D_North_American_1983",SPHEROID["GRS_1980",6378137.0,298.257222101]],PRIMEM["Greenwich",0.0],UNIT["Degree",0.0174532925199433]],PROJECTION["Transverse_Mercator"],PARAMETER["False_Easting",500000.0],PARAMETER["False_Northing",0.0],PARAMETER["Central_Meridian",-81.0],PARAMETER["Scale_Factor",0.9996],PARAMETER["Latitude_Of_Origin",0.0],UNIT["Meter",1.0]] 0 200 "Harmonic mean for Ks" 10 E:\lakeshore_example\Original_Data\aaa E:\lakeshore_example\Original_Data\bbb E:\lakeshore_example\Original_Data\ccc E:\lakeshore_example\Original_Data\ddd</Process></lineage></DataProperties></Esri></metadata>
