<?xml version="1.0" encoding="UTF-8"?>
<metadata xml:lang="en"><Esri><CreaDate>20240822</CreaDate><CreaTime>11552500</CreaTime><ArcGISFormat>1.0</ArcGISFormat><SyncOnce>TRUE</SyncOnce><DataProperties><lineage><Process ToolSource="c:\program files\arcgis\pro\Resources\ArcToolbox\toolboxes\Data Management Tools.tbx\BuildRasterAttributeTable" Date="20240822" Time="115227">BuildRasterAttributeTable C:\Users\Wei\Downloads\lakeshore_example\2_lakeshore_example_phosphorus\0_Preprocessing_module\Inputs\soiltype Overwrite NONE</Process><Process ToolSource="c:\program files\arcgis\pro\Resources\ArcToolbox\toolboxes\Data Management Tools.tbx\AddField" Date="20240822" Time="115228">AddField C:\Users\Wei\Downloads\lakeshore_example\2_lakeshore_example_phosphorus\0_Preprocessing_module\Inputs\soiltype SOILTYPE Text # # 50 # NULLABLE NON_REQUIRED #</Process><Process ToolSource="C:\Users\Wei\OneDrive - Florida State University\Work\02-ArcNLET-Py\arcnlet-modify\ArcNLET.pyt\InterfacePreprocessing" Date="20240822" Time="115228">InterfacePreprocessing study_area PROJCS["NAD_1983_UTM_Zone_17N",GEOGCS["GCS_North_American_1983",DATUM["D_North_American_1983",SPHEROID["GRS_1980",6378137.0,298.257222101]],PRIMEM["Greenwich",0.0],UNIT["Degree",0.0174532925199433]],PROJECTION["Transverse_Mercator"],PARAMETER["False_Easting",500000.0],PARAMETER["False_Northing",0.0],PARAMETER["Central_Meridian",-81.0],PARAMETER["Scale_Factor",0.9996],PARAMETER["Latitude_Of_Origin",0.0],UNIT["Meter",1.0]] 0 200 "Harmonic mean for Ks" 10 C:\Users\Wei\Downloads\lakeshore_example\2_lakeshore_example_phosphorus\0_Preprocessing_module\Inputs\hydr_cond C:\Users\Wei\Downloads\lakeshore_example\2_lakeshore_example_phosphorus\0_Preprocessing_module\Inputs\porosity C:\Users\Wei\Downloads\lakeshore_example\2_lakeshore_example_phosphorus\0_Preprocessing_module\Inputs\soiltype C:\Users\Wei\Downloads\lakeshore_example\2_lakeshore_example_phosphorus\0_Preprocessing_module\Inputs\spatial.shp</Process></lineage><itemProps><itemLocation><linkage Sync="TRUE">file://\\EOAS2022-GRADX\C$\Users\Wei\Downloads\lakeshore_example\2_lakeshore_example_phosphorus\0_Preprocessing_module\Outputs\soiltype</linkage><protocol Sync="TRUE">Local Area Network</protocol></itemLocation></itemProps><copyHistory><copy source="C:\Users\Wei\Downloads\lakeshore_example\2_lakeshore_example_phosphorus\0_Preprocessing_module\Inputs\soiltype" dest="\\EOAS2022-GRADX\C$\Users\Wei\Downloads\lakeshore_example\2_lakeshore_example_phosphorus\0_Preprocessing_module\Outputs\soiltype" date="20240822" time="11552500"></copy></copyHistory></DataProperties></Esri></metadata>
