<?xml version="1.0" encoding="UTF-8"?>
<metadata xml:lang="en"><Esri><CreaDate>20241217</CreaDate><CreaTime>22113900</CreaTime><ArcGISFormat>1.0</ArcGISFormat><SyncOnce>TRUE</SyncOnce><DataProperties><lineage><Process ToolSource="C:\ArcNLET\ArcNLET-Py-main\ArcNLET-Py-main\ArcNLET\ArcNLET.pyt\InterfacePreprocessing" Date="20241217" Time="221046">InterfacePreprocessing PortMalabar_StudyArea PROJCS["NAD_1983_UTM_Zone_17N",GEOGCS["GCS_North_American_1983",DATUM["D_North_American_1983",SPHEROID["GRS_1980",6378137.0,298.257222101]],PRIMEM["Greenwich",0.0],UNIT["Degree",0.0174532925199433]],PROJECTION["Transverse_Mercator"],PARAMETER["False_Easting",500000.0],PARAMETER["False_Northing",0.0],PARAMETER["Central_Meridian",-81.0],PARAMETER["Scale_Factor",0.9996],PARAMETER["Latitude_Of_Origin",0.0],UNIT["Meter",1.0]] 79 201 "Harmonic mean for Ks" 3 C:\ArcNLET\JonesGrosecloseDataGitHub_20241217\0Preprocessing\Outputs\hydr_cond C:\ArcNLET\JonesGrosecloseDataGitHub_20241217\0Preprocessing\Outputs\porosity C:\ArcNLET\JonesGrosecloseDataGitHub_20241217\0Preprocessing\Outputs\soiltype C:\ArcNLET\JonesGrosecloseDataGitHub_20241217\0Preprocessing\Outputs\spatial.shp</Process><Process ToolSource="c:\program files\arcgis\pro\Resources\ArcToolbox\toolboxes\Data Management Tools.tbx\CopyMultiple" Date="20241217" Time="221139">CopyMultiple "C:\ArcNLET\JonesGrosecloseDataGitHub_20241217\0Preprocessing\Outputs\hydr_cond raster_file_general;C:\ArcNLET\JonesGrosecloseDataGitHub_20241217\0Preprocessing\Outputs\porosity raster_file_general" C:\ArcNLET\JonesGrosecloseDataGitHub_20241217\1GroundwaterFlow\Inputs hydr_cond;porosity "hydr_cond RasterDataset hydr_cond #;porosity RasterDataset porosity #"</Process></lineage><itemProps><itemLocation><linkage Sync="TRUE">file://\\FREAC-T5820-4\C$\ArcNLET\JonesGrosecloseDataGitHub_20241217\1GroundwaterFlow\Inputs\porosity</linkage><protocol Sync="TRUE">Local Area Network</protocol></itemLocation></itemProps><copyHistory><copy source="C:\ArcNLET\JonesGrosecloseDataGitHub_20241217\0Preprocessing\Outputs\porosity" dest="\\FREAC-T5820-4\C$\ArcNLET\JonesGrosecloseDataGitHub_20241217\1GroundwaterFlow\Inputs\porosity" date="20241217" time="22113900"></copy></copyHistory></DataProperties></Esri></metadata>
