<?xml version="1.0"?>
<!--<!DOCTYPE metadata SYSTEM "http://www.esri.com/metadata/esriprof80.dtd">-->
<metadata xml:lang="en"><Esri><CreaDate>20240425</CreaDate><CreaTime>10591800</CreaTime><SyncOnce>TRUE</SyncOnce><DataProperties><lineage><Process ToolSource="C:\Program Files\ArcGIS\ArcToolbox\Toolboxes\Conversion Tools.tbx\PolygonToRaster" Date="20100420" Time="113606">PolygonToRaster clip n C:\GIS_tests\lakeshore3\porosity.img CELL_CENTER NONE 10</Process></lineage><itemProps><itemLocation><linkage Sync="TRUE">file://\\LAPTOP-M16-M\E$\lakeshore_example\1_lakeshore_example_simple\1_Groundwater_flow_module\Inputs\porosity.img</linkage><protocol Sync="TRUE">Local Area Network</protocol></itemLocation></itemProps><copyHistory><copy source="E:\lakeshore_example\1_lakeshore_example_simple\1_Groundwater_flow_module\porosity.img" dest="\\LAPTOP-M16-M\E$\lakeshore_example\1_lakeshore_example_simple\1_Groundwater_flow_module\Inputs\porosity.img" date="20240425" time="10595700"></copy></copyHistory></DataProperties></Esri><idinfo><citation><citeinfo><onlink Sync="TRUE">\\WINRIO001\C$\GIS_tests\lakeshore_example\porosity.img</onlink></citeinfo></citation></idinfo><distInfo><distributor><distorTran><onLineSrc><linkage Sync="TRUE">file://\\WINRIO001\C$\GIS_tests\lakeshore_example\porosity.img</linkage><protocol Sync="TRUE">Local Area Network</protocol></onLineSrc></distorTran></distributor></distInfo><dataqual><lineage><procstep><procdesc Sync="TRUE">Dataset copied.</procdesc><srcused Sync="TRUE">C:\GIS_tests\lakeshore4_dn_test\porosity.img</srcused><procdate Sync="TRUE">20101028</procdate><proctime Sync="TRUE">13210200</proctime></procstep></lineage></dataqual></metadata>
