<?xml version="1.0" encoding="UTF-8"?>
<metadata xml:lang="en"><Esri><CreaDate>20241217</CreaDate><CreaTime>23064900</CreaTime><ArcGISFormat>1.0</ArcGISFormat><SyncOnce>TRUE</SyncOnce><DataProperties><lineage><Process ToolSource="C:\ArcNLET\ArcNLET-Py-main\ArcNLET-Py-main\ArcNLET\ArcNLET.pyt\InterfaceLoadEstimation" Date="20241217" Time="230649">InterfaceLoadEstimation "Nitrogen and Phosphorus" true 1 C:\ArcNLET\JonesGrosecloseDataGitHub_20241217\5LoadEstimation\Inputs\no3plumes_info.shp C:\ArcNLET\JonesGrosecloseDataGitHub_20241217\5LoadEstimation\Inputs\nh4plumes_info.shp C:\ArcNLET\JonesGrosecloseDataGitHub_20241217\5LoadEstimation\Inputs\po4plumes_info.shp C:\ArcNLET\JonesGrosecloseDataGitHub_20241217\5LoadEstimation\Outputs\no3plumes_info.csv C:\ArcNLET\JonesGrosecloseDataGitHub_20241217\5LoadEstimation\Outputs\nh4plumes_info.csv C:\ArcNLET\JonesGrosecloseDataGitHub_20241217\5LoadEstimation\Outputs\po4plumes_info.csv</Process></lineage></DataProperties></Esri></metadata>
