<?xml version="1.0" encoding="UTF-8"?>
<metadata xml:lang="en"><Esri><CreaDate>20241017</CreaDate><CreaTime>15394400</CreaTime><ArcGISFormat>1.0</ArcGISFormat><SyncOnce>TRUE</SyncOnce><DataProperties><itemProps><itemLocation><linkage Sync="TRUE">file://\\EOAS2022-GRADX\C$\Users\Wei\Downloads\lakeshore_example11\1_lakeshore_example_complex\5_Load_estimation_module\Inputs\demonh4_info</linkage><protocol Sync="TRUE">Local Area Network</protocol></itemLocation></itemProps><copyHistory><copy source="C:\Users\Wei\Downloads\lakeshore_example11\1_lakeshore_example_complex\4_Transport_module\Outputs\demonh4_info" dest="\\EOAS2022-GRADX\C$\Users\Wei\Downloads\lakeshore_example11\1_lakeshore_example_complex\5_Load_estimation_module\Inputs\demonh4_info" date="20241017" time="15394400"></copy></copyHistory></DataProperties></Esri></metadata>
